Player,G,MP,FGA,3PA,FTA,ORB,DRB,AST,STL,BLK,TOV,PF
Trae Young,246.0,8209.0,4477.0,1771.0,1818.0,161.0,806.0,2197.0,231.0,39.0,1032.0,424.0
John Collins,280.0,8143.0,3238.0,689.0,954.0,704.0,1639.0,440.0,160.0,293.0,432.0,876.0
Delon Wright,348.0,7629.0,2177.0,708.0,584.0,293.0,883.0,1132.0,411.0,134.0,365.0,412.0
Kevin Huerter,239.0,7070.0,2383.0,1267.0,215.0,150.0,687.0,781.0,218.0,81.0,327.0,537.0
Clint Capela,346.0,10131.0,3398.0,2.0,1125.0,1334.0,2767.0,378.0,244.0,574.0,442.0,872.0
Danilo Gallinari,301.0,8751.0,3469.0,1650.0,1434.0,173.0,1358.0,601.0,188.0,70.0,349.0,484.0
Lou Williams,398.0,10322.0,5256.0,1811.0,1992.0,168.0,843.0,1703.0,329.0,70.0,891.0,452.0
Gorgui Dieng,370.0,6974.0,2037.0,428.0,566.0,534.0,1380.0,450.0,267.0,262.0,332.0,760.0
Timothé Luwawu-Cabarrot,307.0,4999.0,1589.0,916.0,366.0,115.0,505.0,278.0,125.0,39.0,225.0,575.0
Bogdan Bogdanović,281.0,7996.0,3267.0,1650.0,476.0,126.0,812.0,951.0,277.0,65.0,425.0,599.0
De'Andre Hunter,104.0,3224.0,1127.0,473.0,269.0,68.0,388.0,174.0,76.0,40.0,157.0,290.0
Skylar Mays,51.0,454.0,158.0,65.0,32.0,15.0,44.0,44.0,21.0,2.0,15.0,21.0
Onyeka Okongwu,64.0,938.0,219.0,3.0,93.0,96.0,154.0,34.0,32.0,58.0,47.0,148.0
Jalen Johnson,11.0,52.0,17.0,6.0,6.0,0.0,13.0,1.0,0.0,0.0,2.0,3.0
Sharife Cooper,10.0,35.0,14.0,6.0,0.0,0.0,5.0,5.0,0.0,0.0,5.0,1.0
Kevin Knox,198.0,3929.0,1508.0,687.0,357.0,107.0,499.0,166.0,81.0,59.0,182.0,325.0
Jayson Tatum,333.0,11069.0,5343.0,1871.0,1416.0,286.0,1903.0,943.0,376.0,236.0,693.0,705.0
Grant Williams,175.0,3162.0,673.0,372.0,150.0,138.0,360.0,176.0,83.0,88.0,139.0,415.0
Dennis Schröder,392.0,12122.0,5715.0,1627.0,1362.0,198.0,1130.0,2043.0,364.0,64.0,1033.0,889.0
Marcus Smart,360.0,11038.0,3421.0,1791.0,927.0,280.0,995.0,1715.0,590.0,148.0,691.0,912.0
Al Horford,342.0,10386.0,3697.0,1268.0,517.0,510.0,1874.0,1462.0,255.0,389.0,499.0,677.0
Payton Pritchard,104.0,1774.0,601.0,365.0,53.0,45.0,180.0,186.0,44.0,13.0,79.0,138.0
Robert Williams,150.0,2748.0,614.0,2.0,183.0,343.0,565.0,198.0,104.0,244.0,130.0,272.0
Romeo Langford,87.0,1312.0,302.0,118.0,65.0,56.0,119.0,44.0,35.0,28.0,36.0,99.0
Josh Richardson,357.0,11230.0,3971.0,1662.0,759.0,272.0,910.0,1039.0,403.0,225.0,530.0,866.0
Jaylen Brown,371.0,10519.0,4666.0,1729.0,1218.0,337.0,1475.0,694.0,349.0,142.0,674.0,935.0
Aaron Nesmith,78.0,1004.0,282.0,176.0,41.0,36.0,147.0,34.0,25.0,11.0,42.0,128.0
Enes Freedom,371.0,8127.0,3130.0,89.0,955.0,1229.0,2061.0,434.0,160.0,204.0,514.0,814.0
Bruno Fernando,103.0,977.0,249.0,39.0,76.0,86.0,198.0,60.0,22.0,22.0,68.0,135.0
Sam Hauser,7.0,31.0,11.0,11.0,0.0,1.0,3.0,1.0,1.0,1.0,0.0,1.0
Brodric Thomas,39.0,427.0,117.0,65.0,48.0,10.0,48.0,35.0,15.0,10.0,25.0,41.0
Bol Bol,52.0,328.0,113.0,37.0,28.0,9.0,54.0,18.0,6.0,18.0,27.0,29.0
PJ Dozier,105.0,1894.0,634.0,254.0,110.0,65.0,253.0,189.0,58.0,34.0,87.0,167.0
Darius Garland,155.0,5078.0,2177.0,848.0,308.0,73.0,306.0,902.0,161.0,14.0,472.0,276.0
Jarrett Allen,325.0,8562.0,2295.0,93.0,1156.0,883.0,1918.0,450.0,176.0,446.0,438.0,661.0
Evan Mobley,40.0,1376.0,484.0,56.0,132.0,73.0,254.0,106.0,30.0,66.0,78.0,80.0
Kevin Love,262.0,7393.0,3254.0,1658.0,1077.0,395.0,2077.0,594.0,163.0,79.0,482.0,453.0
Lauri Markkanen,259.0,7659.0,3200.0,1571.0,679.0,289.0,1472.0,329.0,173.0,132.0,332.0,464.0
Cedi Osman,297.0,7338.0,2536.0,1304.0,479.0,156.0,841.0,624.0,223.0,47.0,347.0,617.0
Ricky Rubio,387.0,11380.0,3808.0,1327.0,1246.0,234.0,1333.0,2736.0,581.0,53.0,956.0,969.0
Isaac Okoro,100.0,3110.0,799.0,306.0,236.0,105.0,212.0,186.0,89.0,34.0,124.0,268.0
Dean Wade,108.0,1908.0,461.0,305.0,60.0,65.0,275.0,111.0,55.0,28.0,45.0,135.0
Lamar Stevens,72.0,984.0,285.0,65.0,76.0,48.0,123.0,46.0,29.0,20.0,41.0,100.0
Dylan Windler,63.0,848.0,204.0,130.0,36.0,32.0,135.0,58.0,27.0,14.0,45.0,73.0
Kevin Pangos,20.0,161.0,45.0,26.0,4.0,2.0,9.0,30.0,3.0,0.0,7.0,10.0
Ed Davis,270.0,4439.0,840.0,3.0,388.0,583.0,1193.0,163.0,109.0,136.0,190.0,690.0
Collin Sexton,218.0,7179.0,3548.0,860.0,944.0,189.0,474.0,720.0,181.0,23.0,541.0,510.0
Brandon Goodwin,106.0,1243.0,487.0,211.0,94.0,26.0,139.0,189.0,38.0,4.0,74.0,102.0
RJ Nembhard Jr.,6.0,42.0,11.0,1.0,2.0,0.0,2.0,10.0,0.0,0.0,1.0,2.0
Rajon Rondo,295.0,7043.0,2129.0,686.0,198.0,190.0,988.0,1884.0,319.0,39.0,660.0,507.0
Garrett Temple,367.0,9503.0,2605.0,1445.0,428.0,166.0,883.0,731.0,342.0,161.0,382.0,783.0
Jonas Valančiūnas,381.0,9843.0,3985.0,375.0,1187.0,1127.0,2791.0,558.0,172.0,356.0,643.0,1055.0
Devonte' Graham,207.0,5895.0,2387.0,1548.0,524.0,94.0,440.0,1081.0,177.0,31.0,363.0,301.0
Nickeil Alexander-Walker,136.0,2746.0,1275.0,619.0,180.0,56.0,316.0,305.0,100.0,44.0,190.0,221.0
Herbert Jones,43.0,1259.0,304.0,73.0,76.0,51.0,108.0,82.0,63.0,41.0,45.0,133.0
Josh Hart,279.0,7510.0,2062.0,1132.0,515.0,241.0,1352.0,547.0,248.0,102.0,302.0,636.0
Brandon Ingram,349.0,11449.0,5037.0,1313.0,1671.0,271.0,1524.0,1293.0,248.0,196.0,832.0,845.0
Trey Murphy III,36.0,459.0,134.0,97.0,17.0,25.0,51.0,20.0,11.0,5.0,11.0,34.0
Jaxson Hayes,158.0,2523.0,688.0,34.0,390.0,234.0,402.0,103.0,63.0,117.0,115.0,330.0
Tomáš Satoranský,364.0,8173.0,2044.0,647.0,514.0,303.0,751.0,1473.0,294.0,56.0,490.0,619.0
Kira Lewis Jr.,78.0,1245.0,483.0,178.0,63.0,21.0,89.0,173.0,49.0,11.0,60.0,105.0
Naji Marshall,55.0,920.0,279.0,111.0,104.0,29.0,175.0,108.0,35.0,13.0,58.0,80.0
Willy Hernangómez,278.0,4194.0,1456.0,101.0,562.0,564.0,1054.0,296.0,115.0,107.0,277.0,452.0
Jose Alvarado,19.0,178.0,59.0,28.0,15.0,6.0,12.0,29.0,19.0,1.0,4.0,20.0
Gary Clark,146.0,2009.0,454.0,389.0,31.0,101.0,272.0,71.0,42.0,57.0,38.0,131.0
Didi Louzada,5.0,63.0,16.0,11.0,0.0,3.0,2.0,4.0,2.0,0.0,3.0,5.0
Zion Williamson,85.0,2694.0,1397.0,48.0,707.0,231.0,360.0,276.0,73.0,48.0,226.0,177.0
DeMar DeRozan,402.0,13854.0,7044.0,640.0,2870.0,300.0,1706.0,2184.0,409.0,121.0,929.0,863.0
Ayo Dosunmu,42.0,944.0,233.0,82.0,43.0,16.0,91.0,81.0,22.0,17.0,48.0,83.0
Zach LaVine,291.0,10022.0,5239.0,1997.0,1436.0,157.0,1157.0,1195.0,284.0,109.0,863.0,629.0
Nikola Vučević,383.0,11998.0,6271.0,1438.0,862.0,866.0,3326.0,1333.0,372.0,367.0,665.0,843.0
Lonzo Ball,252.0,8187.0,2790.0,1633.0,287.0,262.0,1185.0,1563.0,391.0,162.0,637.0,547.0
Troy Brown Jr.,190.0,3616.0,1146.0,386.0,229.0,153.0,587.0,331.0,137.0,22.0,147.0,274.0
Tony Bradley,145.0,1809.0,505.0,7.0,122.0,253.0,414.0,81.0,38.0,89.0,89.0,228.0
Derrick Jones Jr.,260.0,5169.0,1273.0,425.0,447.0,336.0,563.0,183.0,174.0,183.0,141.0,538.0
Javonte Green,119.0,1609.0,356.0,96.0,124.0,94.0,195.0,72.0,78.0,27.0,59.0,150.0
Coby White,162.0,4592.0,1990.0,984.0,324.0,64.0,532.0,576.0,103.0,29.0,302.0,360.0
Alex Caruso,212.0,4259.0,1067.0,437.0,323.0,108.0,425.0,545.0,235.0,63.0,253.0,380.0
Matt Thomas,109.0,1048.0,363.0,236.0,39.0,18.0,114.0,55.0,20.0,2.0,36.0,67.0
Alfonzo McKinnie,179.0,2107.0,613.0,257.0,106.0,154.0,297.0,57.0,51.0,27.0,71.0,265.0
Tyler Cook,57.0,646.0,143.0,2.0,64.0,46.0,105.0,21.0,15.0,5.0,30.0,62.0
Marko Simonovic,9.0,35.0,15.0,5.0,11.0,5.0,5.0,0.0,1.0,1.0,2.0,6.0
Malcolm Hill,9.0,123.0,26.0,16.0,10.0,7.0,9.0,4.0,5.0,1.0,1.0,17.0
Patrick Williams,76.0,2108.0,551.0,144.0,129.0,67.0,271.0,102.0,67.0,48.0,100.0,135.0
Dwight Powell,378.0,7642.0,1913.0,374.0,914.0,615.0,1217.0,426.0,262.0,189.0,269.0,870.0
Jalen Brunson,244.0,5742.0,2162.0,635.0,472.0,100.0,608.0,909.0,138.0,11.0,312.0,395.0
Dorian Finney-Smith,360.0,9595.0,2364.0,1353.0,383.0,530.0,1111.0,494.0,283.0,154.0,303.0,774.0
Tim Hardaway Jr.,383.0,11407.0,5081.0,2647.0,1123.0,158.0,1129.0,850.0,281.0,55.0,470.0,677.0
Reggie Bullock,289.0,7629.0,2281.0,1427.0,236.0,107.0,696.0,438.0,197.0,47.0,205.0,454.0
Frank Ntilikina,247.0,4578.0,1341.0,533.0,194.0,85.0,382.0,609.0,189.0,55.0,292.0,511.0
Sterling Brown,251.0,4319.0,1236.0,668.0,148.0,147.0,713.0,261.0,135.0,45.0,175.0,362.0
Luka Dončić,231.0,7753.0,4465.0,1857.0,1726.0,245.0,1701.0,1813.0,242.0,90.0,936.0,517.0
Maxi Kleber,299.0,6730.0,1675.0,1021.0,294.0,355.0,1037.0,315.0,124.0,272.0,198.0,612.0
Josh Green,71.0,834.0,189.0,46.0,44.0,47.0,90.0,62.0,33.0,8.0,31.0,83.0
Kristaps Porziņģis,245.0,7796.0,3959.0,1365.0,1110.0,418.0,1542.0,391.0,167.0,474.0,401.0,764.0
Moses Brown,77.0,1118.0,328.0,0.0,177.0,173.0,283.0,11.0,35.0,56.0,60.0,128.0
Trey Burke,269.0,4314.0,1883.0,625.0,313.0,76.0,268.0,635.0,129.0,25.0,210.0,274.0
Boban Marjanović,225.0,2099.0,929.0,38.0,397.0,301.0,593.0,117.0,42.0,68.0,158.0,270.0
Marquese Chriss,272.0,5141.0,1744.0,544.0,560.0,339.0,972.0,285.0,176.0,219.0,342.0,707.0
Theo Pinson,80.0,706.0,264.0,154.0,42.0,14.0,97.0,90.0,27.0,6.0,54.0,63.0
Facundo Campazzo,109.0,2385.0,563.0,373.0,149.0,39.0,188.0,408.0,130.0,33.0,127.0,230.0
Aaron Gordon,370.0,11584.0,4483.0,1504.0,1199.0,587.0,1843.0,1070.0,293.0,238.0,628.0,750.0
Monte Morris,247.0,6087.0,2118.0,719.0,282.0,83.0,463.0,882.0,196.0,39.0,189.0,279.0
Jeff Green,381.0,9286.0,3051.0,1215.0,962.0,236.0,1061.0,528.0,196.0,153.0,389.0,719.0
Nikola Jokić,413.0,13136.0,6142.0,1349.0,1805.0,1118.0,3309.0,2810.0,495.0,295.0,1218.0,1167.0
Will Barton,338.0,10535.0,4035.0,1652.0,810.0,299.0,1351.0,1222.0,292.0,172.0,567.0,633.0
JaMychal Green,353.0,7964.0,2357.0,960.0,526.0,611.0,1599.0,343.0,203.0,156.0,396.0,988.0
Bones Hyland,34.0,600.0,273.0,171.0,37.0,7.0,78.0,57.0,17.0,9.0,36.0,71.0
Austin Rivers,347.0,9240.0,3030.0,1521.0,608.0,118.0,662.0,841.0,265.0,63.0,402.0,790.0
Zeke Nnaji,71.0,831.0,230.0,114.0,61.0,48.0,114.0,18.0,15.0,12.0,16.0,82.0
Davon Reed,50.0,599.0,158.0,76.0,17.0,13.0,86.0,38.0,27.0,5.0,15.0,54.0
Markus Howard,54.0,323.0,170.0,113.0,17.0,1.0,25.0,23.0,10.0,1.0,24.0,34.0
Vlatko Čančar,69.0,478.0,126.0,51.0,29.0,22.0,61.0,30.0,14.0,6.0,25.0,38.0
Michael Porter Jr.,125.0,3080.0,1303.0,577.0,215.0,166.0,597.0,133.0,77.0,81.0,138.0,242.0
DeMarcus Cousins,209.0,5985.0,3097.0,938.0,1329.0,378.0,1647.0,791.0,269.0,245.0,664.0,727.0
Jamal Murray,345.0,10384.0,4651.0,1834.0,934.0,270.0,988.0,1322.0,328.0,109.0,678.0,647.0
Nemanja Bjelica,365.0,7676.0,2415.0,1138.0,389.0,415.0,1320.0,664.0,250.0,154.0,378.0,850.0
Kevon Looney,327.0,5234.0,1142.0,56.0,352.0,592.0,892.0,410.0,155.0,191.0,189.0,675.0
Juan Toscano-Anderson,111.0,2077.0,437.0,176.0,85.0,62.0,354.0,263.0,88.0,45.0,127.0,214.0
Gary Payton II,115.0,1546.0,458.0,163.0,68.0,91.0,222.0,123.0,111.0,27.0,62.0,179.0
Stephen Curry,310.0,10385.0,5960.0,3500.0,1579.0,201.0,1381.0,1858.0,457.0,80.0,951.0,678.0
Andrew Wiggins,405.0,14149.0,6723.0,1907.0,1809.0,461.0,1378.0,984.0,395.0,278.0,788.0,865.0
Jordan Poole,149.0,3466.0,1515.0,839.0,365.0,35.0,297.0,368.0,93.0,31.0,222.0,293.0
Otto Porter Jr.,295.0,8525.0,2965.0,1230.0,440.0,354.0,1378.0,544.0,390.0,142.0,242.0,575.0
Damion Lee,189.0,4015.0,1300.0,675.0,264.0,87.0,577.0,280.0,141.0,19.0,147.0,315.0
Jonathan Kuminga,35.0,412.0,166.0,54.0,75.0,18.0,64.0,17.0,13.0,6.0,26.0,52.0
Draymond Green,352.0,11045.0,2588.0,981.0,715.0,349.0,2238.0,2569.0,555.0,393.0,947.0,997.0
Moses Moody,26.0,183.0,59.0,33.0,15.0,4.0,23.0,8.0,3.0,4.0,4.0,12.0
Andre Iguodala,317.0,7468.0,1474.0,727.0,325.0,223.0,962.0,977.0,283.0,205.0,293.0,440.0
Chris Chiozza,80.0,912.0,293.0,156.0,23.0,21.0,87.0,191.0,37.0,11.0,70.0,80.0
Klay Thompson,235.0,7935.0,4043.0,1810.0,485.0,120.0,758.0,543.0,209.0,123.0,382.0,421.0
Quinndary Weatherspoon,34.0,215.0,56.0,11.0,18.0,4.0,15.0,19.0,12.0,4.0,16.0,31.0
James Wiseman,39.0,836.0,368.0,38.0,86.0,55.0,171.0,26.0,11.0,36.0,60.0,121.0
Jae'Sean Tate,115.0,3267.0,1068.0,314.0,264.0,209.0,422.0,319.0,124.0,64.0,181.0,384.0
Christian Wood,181.0,4366.0,1876.0,588.0,715.0,287.0,1063.0,236.0,112.0,159.0,267.0,318.0
Kenyon Martin Jr.,89.0,1908.0,592.0,177.0,154.0,118.0,290.0,109.0,49.0,65.0,67.0,146.0
Eric Gordon,315.0,9621.0,4167.0,2590.0,896.0,97.0,628.0,724.0,192.0,137.0,519.0,565.0
Alperen Şengün,39.0,703.0,243.0,45.0,127.0,65.0,114.0,100.0,32.0,33.0,77.0,112.0
Josh Christopher,39.0,620.0,218.0,81.0,50.0,27.0,52.0,63.0,32.0,6.0,59.0,42.0
Armoni Brooks,56.0,1158.0,429.0,357.0,31.0,21.0,122.0,79.0,32.0,12.0,41.0,91.0
D.J. Augustin,381.0,8611.0,2671.0,1369.0,872.0,134.0,602.0,1445.0,209.0,7.0,535.0,455.0
David Nwaba,224.0,4443.0,1196.0,258.0,469.0,224.0,620.0,238.0,171.0,104.0,157.0,433.0
Jalen Green,32.0,955.0,407.0,198.0,111.0,14.0,89.0,70.0,17.0,5.0,76.0,45.0
Kevin Porter Jr.,107.0,2932.0,1157.0,498.0,299.0,65.0,326.0,457.0,106.0,31.0,296.0,276.0
Garrison Mathews,112.0,2093.0,531.0,443.0,217.0,37.0,181.0,62.0,57.0,19.0,37.0,229.0
Daniel Theis,285.0,5595.0,1570.0,452.0,421.0,442.0,969.0,363.0,140.0,248.0,240.0,766.0
Usman Garuba,15.0,105.0,24.0,13.0,2.0,9.0,25.0,8.0,7.0,6.0,3.0,9.0
Trevelin Queen,8.0,69.0,29.0,22.0,3.0,5.0,9.0,3.0,5.0,0.0,7.0,6.0
Daishen Nix,8.0,67.0,20.0,7.0,3.0,1.0,9.0,10.0,7.0,0.0,9.0,3.0
John Wall,191.0,6638.0,3380.0,857.0,1154.0,113.0,608.0,1778.0,305.0,154.0,742.0,348.0
Eric Bledsoe,398.0,11760.0,4841.0,1759.0,1523.0,283.0,1371.0,2014.0,530.0,169.0,973.0,817.0
Terance Mann,155.0,3000.0,814.0,243.0,207.0,132.0,413.0,264.0,66.0,24.0,108.0,277.0
Reggie Jackson,321.0,8591.0,3922.0,1583.0,734.0,157.0,732.0,1367.0,205.0,35.0,582.0,694.0
Ivica Zubac,328.0,6081.0,1769.0,10.0,696.0,710.0,1357.0,342.0,97.0,274.0,327.0,714.0
Luke Kennard,265.0,6145.0,2098.0,1113.0,281.0,64.0,681.0,534.0,130.0,43.0,249.0,395.0
Amir Coffey,97.0,1264.0,331.0,185.0,99.0,28.0,133.0,92.0,32.0,10.0,36.0,91.0
Isaiah Hartenstein,131.0,1575.0,439.0,20.0,169.0,171.0,291.0,148.0,61.0,103.0,104.0,285.0
Justise Winslow,221.0,5489.0,1914.0,525.0,375.0,203.0,907.0,627.0,191.0,88.0,341.0,489.0
Brandon Boston Jr.,31.0,510.0,214.0,79.0,47.0,10.0,68.0,28.0,17.0,8.0,22.0,25.0
Serge Ibaka,354.0,9412.0,3837.0,1137.0,619.0,585.0,1880.0,419.0,142.0,440.0,492.0,912.0
Nicolas Batum,333.0,10021.0,2869.0,1438.0,593.0,261.0,1463.0,1312.0,338.0,162.0,542.0,506.0
Paul George,359.0,12585.0,6593.0,2876.0,1887.0,315.0,2068.0,1439.0,633.0,154.0,1050.0,963.0
Marcus Morris,353.0,10325.0,4199.0,1764.0,899.0,305.0,1487.0,541.0,224.0,116.0,433.0,807.0
Keon Johnson,15.0,135.0,51.0,11.0,21.0,6.0,15.0,13.0,7.0,2.0,7.0,21.0
Jay Scrubb,18.0,179.0,76.0,28.0,12.0,4.0,21.0,8.0,7.0,3.0,12.0,10.0
Jason Preston,0.0,0.0,0.0,0.0,0.0,0.0,0.0,0.0,0.0,0.0,0.0,0.0
Kawhi Leonard,252.0,8345.0,4593.0,1303.0,1694.0,273.0,1377.0,1029.0,441.0,142.0,545.0,413.0
Russell Westbrook,403.0,14402.0,8378.0,1968.0,2895.0,674.0,3381.0,3975.0,655.0,139.0,1905.0,1172.0
Carmelo Anthony,333.0,10105.0,4701.0,1772.0,999.0,279.0,1431.0,552.0,237.0,190.0,457.0,844.0
Malik Monk,275.0,5256.0,2286.0,1204.0,363.0,85.0,503.0,505.0,132.0,67.0,322.0,352.0
Avery Bradley,279.0,7893.0,2804.0,1142.0,278.0,177.0,715.0,512.0,260.0,51.0,375.0,637.0
Dwight Howard,339.0,7945.0,2285.0,43.0,1552.0,1008.0,2315.0,340.0,207.0,392.0,621.0,981.0
LeBron James,358.0,12862.0,6877.0,2061.0,2325.0,385.0,2568.0,3102.0,462.0,247.0,1387.0,631.0
Talen Horton-Tucker,102.0,2219.0,818.0,243.0,198.0,47.0,237.0,270.0,100.0,37.0,159.0,220.0
Wayne Ellington,305.0,7022.0,2389.0,1914.0,223.0,78.0,579.0,354.0,189.0,33.0,187.0,387.0
DeAndre Jordan,369.0,9898.0,2223.0,3.0,1232.0,1155.0,3180.0,580.0,177.0,420.0,583.0,860.0
Austin Reaves,28.0,579.0,116.0,65.0,37.0,12.0,57.0,29.0,8.0,3.0,17.0,43.0
Anthony Davis,331.0,11533.0,6205.0,815.0,2578.0,811.0,2707.0,936.0,465.0,752.0,743.0,738.0
Kent Bazemore,365.0,8832.0,3120.0,1325.0,782.0,168.0,1145.0,780.0,443.0,218.0,586.0,889.0
Stanley Johnson,311.0,5897.0,1714.0,795.0,352.0,145.0,738.0,431.0,279.0,79.0,305.0,576.0
Trevor Ariza,312.0,9970.0,2795.0,1839.0,501.0,202.0,1355.0,693.0,442.0,89.0,315.0,568.0
Sekou Doumbouya,96.0,1639.0,526.0,215.0,114.0,61.0,206.0,66.0,47.0,19.0,81.0,175.0
Mason Jones,34.0,343.0,131.0,68.0,66.0,8.0,49.0,42.0,8.0,1.0,30.0,25.0
Kendrick Nunn,123.0,3612.0,1572.0,711.0,160.0,42.0,317.0,368.0,108.0,29.0,194.0,260.0
Duncan Robinson,204.0,5811.0,1900.0,1631.0,193.0,37.0,605.0,300.0,114.0,48.0,192.0,502.0
P.J. Tucker,410.0,12303.0,2301.0,1433.0,327.0,559.0,1756.0,538.0,474.0,151.0,354.0,1099.0
Dewayne Dedmon,302.0,6137.0,1760.0,491.0,411.0,497.0,1550.0,289.0,196.0,250.0,342.0,814.0
Kyle Lowry,346.0,11999.0,4422.0,2562.0,1434.0,246.0,1499.0,2612.0,431.0,124.0,961.0,970.0
Tyler Herro,147.0,4393.0,2005.0,853.0,338.0,66.0,611.0,458.0,93.0,32.0,294.0,201.0
Gabe Vincent,97.0,1595.0,554.0,347.0,61.0,25.0,108.0,191.0,61.0,12.0,94.0,171.0
Caleb Martin,108.0,1991.0,608.0,264.0,145.0,87.0,238.0,124.0,88.0,39.0,78.0,159.0
Max Strus,77.0,1375.0,510.0,384.0,65.0,21.0,144.0,70.0,22.0,9.0,34.0,102.0
Omer Yurtseven,36.0,545.0,188.0,7.0,50.0,66.0,165.0,41.0,15.0,18.0,34.0,66.0
Jimmy Butler,339.0,11833.0,5005.0,916.0,2626.0,580.0,1465.0,1863.0,647.0,157.0,654.0,489.0
Bam Adebayo,309.0,8564.0,2706.0,45.0,1276.0,657.0,1846.0,1072.0,288.0,277.0,626.0,739.0
KZ Okpala,63.0,717.0,170.0,77.0,28.0,33.0,81.0,34.0,16.0,19.0,21.0,86.0
Markieff Morris,336.0,8186.0,2966.0,1065.0,575.0,344.0,1335.0,511.0,230.0,139.0,452.0,905.0
Kyle Guy,43.0,382.0,141.0,78.0,25.0,6.0,40.0,48.0,10.0,1.0,17.0,32.0
Udonis Haslem,53.0,375.0,104.0,28.0,28.0,19.0,88.0,16.0,7.0,4.0,16.0,51.0
Chris Silva,67.0,504.0,107.0,4.0,80.0,77.0,103.0,32.0,10.0,27.0,46.0,122.0
Victor Oladipo,230.0,7529.0,3684.0,1345.0,860.0,128.0,990.0,892.0,378.0,107.0,550.0,519.0
Pat Connaughton,364.0,7153.0,1866.0,1148.0,210.0,262.0,1034.0,493.0,181.0,116.0,208.0,453.0
Grayson Allen,167.0,3545.0,1238.0,788.0,245.0,49.0,357.0,240.0,96.0,31.0,140.0,233.0
Bobby Portis,359.0,7855.0,3491.0,1035.0,556.0,663.0,1717.0,450.0,214.0,133.0,406.0,704.0
Giannis Antetokounmpo,390.0,13165.0,6975.0,1186.0,3569.0,765.0,3553.0,2165.0,505.0,564.0,1298.0,1200.0
George Hill,304.0,7607.0,2295.0,960.0,620.0,204.0,657.0,875.0,262.0,61.0,347.0,514.0
Khris Middleton,355.0,11568.0,5335.0,1934.0,1351.0,227.0,1784.0,1590.0,409.0,63.0,862.0,910.0
Jordan Nwora,67.0,1025.0,433.0,214.0,44.0,34.0,176.0,45.0,35.0,20.0,62.0,67.0
Jrue Holiday,371.0,12717.0,5656.0,1795.0,1084.0,367.0,1324.0,2488.0,582.0,267.0,1024.0,790.0
Rodney Hood,302.0,7212.0,2641.0,1136.0,468.0,108.0,656.0,431.0,194.0,49.0,252.0,529.0
Thanasis Antetokounmpo,105.0,1012.0,267.0,50.0,90.0,96.0,129.0,80.0,42.0,19.0,72.0,146.0
Sandro Mamukelashvili,24.0,273.0,75.0,35.0,12.0,26.0,26.0,13.0,7.0,6.0,9.0,17.0
Wesley Matthews,351.0,9914.0,3023.0,1854.0,560.0,133.0,798.0,704.0,294.0,79.0,354.0,681.0
Semi Ojeleye,271.0,3996.0,830.0,538.0,155.0,143.0,453.0,122.0,74.0,18.0,89.0,296.0
Donte DiVincenzo,169.0,3934.0,1304.0,721.0,190.0,176.0,629.0,403.0,176.0,44.0,213.0,280.0
Brook Lopez,369.0,10026.0,4071.0,1834.0,949.0,392.0,1365.0,549.0,206.0,670.0,498.0,891.0
Lindell Wigginton,1.0,5.0,1.0,0.0,0.0,0.0,1.0,0.0,1.0,0.0,0.0,0.0
Malik Beasley,303.0,6276.0,2659.0,1502.0,284.0,118.0,623.0,376.0,172.0,38.0,237.0,357.0
Naz Reid,143.0,2548.0,1122.0,376.0,311.0,182.0,441.0,140.0,73.0,143.0,135.0,358.0
Jaden McDaniels,106.0,2621.0,703.0,347.0,82.0,109.0,312.0,114.0,70.0,89.0,94.0,316.0
Jarred Vanderbilt,133.0,2312.0,464.0,17.0,177.0,258.0,514.0,136.0,138.0,77.0,111.0,253.0
Anthony Edwards,112.0,3715.0,1940.0,869.0,411.0,100.0,439.0,354.0,143.0,62.0,282.0,222.0
Karl-Anthony Towns,365.0,12714.0,6117.0,1720.0,2049.0,1133.0,3104.0,1199.0,302.0,489.0,1015.0,1267.0
D'Angelo Russell,315.0,9310.0,5131.0,2346.0,997.0,159.0,985.0,1898.0,351.0,103.0,931.0,598.0
Taurean Prince,336.0,8269.0,3063.0,1550.0,581.0,179.0,1159.0,608.0,281.0,143.0,547.0,686.0
Patrick Beverley,276.0,7537.0,1943.0,1102.0,388.0,311.0,1044.0,1033.0,305.0,155.0,347.0,876.0
Jaylen Nowell,88.0,1361.0,593.0,247.0,116.0,32.0,141.0,145.0,42.0,19.0,47.0,117.0
Josh Okogie,225.0,4886.0,1232.0,510.0,498.0,216.0,486.0,271.0,227.0,96.0,208.0,467.0
Jordan McLaughlin,110.0,1844.0,494.0,196.0,91.0,34.0,153.0,384.0,103.0,11.0,101.0,88.0
Leandro Bolmaro,24.0,186.0,32.0,12.0,9.0,15.0,20.0,11.0,5.0,0.0,12.0,21.0
Nathan Knight,56.0,463.0,150.0,40.0,95.0,49.0,80.0,22.0,13.0,17.0,27.0,48.0
Jake Layman,229.0,3027.0,969.0,426.0,168.0,100.0,304.0,123.0,98.0,69.0,119.0,250.0
McKinley Wright IV,3.0,9.0,3.0,2.0,0.0,0.0,0.0,1.0,0.0,0.0,1.0,1.0
Patty Mills,423.0,10334.0,3665.0,2346.0,526.0,124.0,674.0,1147.0,292.0,46.0,465.0,615.0
James Harden,384.0,13972.0,7791.0,3970.0,3921.0,345.0,2342.0,3524.0,636.0,268.0,1847.0,1054.0
DeAndre' Bembry,280.0,5413.0,1462.0,367.0,328.0,171.0,741.0,515.0,283.0,116.0,361.0,501.0
Bruce Brown,234.0,5322.0,1395.0,282.0,329.0,268.0,701.0,467.0,201.0,112.0,225.0,583.0
Kevin Durant,279.0,9567.0,4963.0,1482.0,1787.0,136.0,1852.0,1525.0,227.0,381.0,797.0,543.0
Blake Griffin,294.0,9022.0,4175.0,1369.0,1571.0,377.0,1580.0,1309.0,207.0,101.0,678.0,704.0
Cam Thomas,35.0,607.0,243.0,92.0,35.0,6.0,78.0,35.0,18.0,4.0,26.0,27.0
Jevon Carter,192.0,2634.0,764.0,480.0,70.0,67.0,258.0,255.0,115.0,45.0,97.0,231.0
LaMarcus Aldridge,340.0,10716.0,5143.0,463.0,1378.0,841.0,1754.0,693.0,191.0,437.0,483.0,732.0
James Johnson,318.0,7387.0,2434.0,832.0,588.0,235.0,1075.0,915.0,261.0,249.0,507.0,767.0
Paul Millsap,308.0,8053.0,2996.0,807.0,1071.0,532.0,1395.0,703.0,312.0,237.0,458.0,777.0
Day'Ron Sharpe,21.0,258.0,103.0,3.0,23.0,51.0,52.0,7.0,6.0,12.0,22.0,46.0
Nic Claxton,67.0,1224.0,315.0,12.0,124.0,100.0,219.0,63.0,35.0,71.0,42.0,132.0
Kessler Edwards,15.0,387.0,109.0,54.0,1.0,18.0,45.0,12.0,14.0,10.0,15.0,32.0
Joe Harris,358.0,10093.0,3346.0,1903.0,444.0,231.0,1069.0,651.0,197.0,78.0,449.0,787.0
David Duke Jr.,14.0,244.0,78.0,25.0,17.0,27.0,30.0,13.0,7.0,6.0,8.0,28.0
Kyrie Irving,280.0,9456.0,5385.0,1843.0,1167.0,233.0,953.0,1676.0,361.0,124.0,689.0,654.0
Alec Burks,332.0,7381.0,2820.0,1151.0,874.0,162.0,1097.0,641.0,243.0,77.0,343.0,556.0
Julius Randle,410.0,12932.0,5850.0,1177.0,2193.0,808.0,2918.0,1561.0,295.0,196.0,1187.0,1300.0
Evan Fournier,360.0,11285.0,4812.0,2181.0,1041.0,155.0,920.0,1097.0,341.0,77.0,647.0,887.0
Immanuel Quickley,108.0,2229.0,969.0,527.0,254.0,41.0,202.0,255.0,60.0,15.0,113.0,210.0
Mitchell Robinson,201.0,4696.0,1003.0,0.0,440.0,627.0,832.0,109.0,161.0,389.0,130.0,610.0
Obi Toppin,105.0,1357.0,445.0,155.0,100.0,67.0,226.0,70.0,30.0,35.0,57.0,116.0
RJ Barrett,169.0,5551.0,2396.0,729.0,709.0,151.0,782.0,465.0,130.0,50.0,342.0,394.0
Taj Gibson,368.0,8941.0,2515.0,126.0,660.0,785.0,1400.0,365.0,228.0,268.0,358.0,872.0
Quentin Grimes,30.0,453.0,139.0,111.0,9.0,11.0,33.0,29.0,16.0,5.0,17.0,40.0
Kemba Walker,367.0,12174.0,6360.0,2918.0,1679.0,192.0,1202.0,1936.0,396.0,125.0,801.0,533.0
Derrick Rose,266.0,7107.0,3554.0,604.0,756.0,180.0,570.0,1130.0,193.0,80.0,507.0,277.0
Nerlens Noel,303.0,5717.0,1235.0,11.0,415.0,546.0,1074.0,233.0,315.0,428.0,272.0,746.0
Miles McBride,18.0,146.0,54.0,28.0,4.0,2.0,14.0,21.0,8.0,1.0,3.0,15.0
Jericho Sims,14.0,89.0,8.0,0.0,4.0,8.0,14.0,1.0,2.0,5.0,2.0,6.0
Cam Reddish,119.0,3103.0,1162.0,530.0,288.0,77.0,329.0,160.0,130.0,48.0,174.0,245.0
Luka Šamanić,36.0,356.0,121.0,51.0,33.0,17.0,61.0,21.0,8.0,10.0,22.0,49.0
Ryan Arcidiacono,207.0,3645.0,796.0,453.0,166.0,53.0,368.0,456.0,114.0,7.0,123.0,332.0
Franz Wagner,48.0,1556.0,618.0,167.0,144.0,56.0,172.0,138.0,46.0,26.0,78.0,104.0
R.J. Hampton,93.0,1703.0,593.0,194.0,161.0,43.0,258.0,189.0,50.0,18.0,109.0,123.0
Gary Harris,316.0,9774.0,3434.0,1436.0,672.0,201.0,646.0,753.0,386.0,75.0,408.0,589.0
Wendell Carter Jr.,180.0,4874.0,1567.0,258.0,556.0,438.0,1109.0,335.0,121.0,164.0,279.0,565.0
Terrence Ross,337.0,8933.0,3810.0,1992.0,684.0,97.0,948.0,532.0,331.0,127.0,386.0,555.0
Moritz Wagner,171.0,2473.0,869.0,356.0,300.0,117.0,424.0,169.0,75.0,60.0,176.0,389.0
Mo Bamba,192.0,3367.0,1154.0,436.0,211.0,321.0,779.0,170.0,77.0,285.0,172.0,406.0
Chuma Okeke,82.0,2010.0,608.0,308.0,73.0,66.0,285.0,152.0,98.0,39.0,69.0,98.0
Cole Anthony,81.0,2400.0,1085.0,412.0,267.0,58.0,367.0,388.0,57.0,28.0,199.0,189.0
Jalen Suggs,27.0,751.0,326.0,117.0,105.0,19.0,85.0,108.0,32.0,12.0,89.0,77.0
Robin Lopez,378.0,8288.0,2823.0,174.0,539.0,765.0,848.0,435.0,69.0,349.0,461.0,634.0
Ignas Brazdeikis,43.0,495.0,162.0,65.0,29.0,21.0,59.0,36.0,9.0,5.0,20.0,47.0
Admiral Schofield,49.0,579.0,139.0,87.0,18.0,13.0,76.0,28.0,10.0,7.0,18.0,76.0
Jonathan Isaac,136.0,3512.0,1088.0,406.0,237.0,173.0,568.0,146.0,145.0,206.0,151.0,274.0
Markelle Fultz,113.0,2891.0,1142.0,166.0,236.0,83.0,293.0,524.0,127.0,22.0,207.0,234.0
E'Twaun Moore,291.0,7278.0,2541.0,887.0,260.0,170.0,523.0,571.0,216.0,68.0,286.0,537.0
Michael Carter-Williams,201.0,3686.0,1188.0,297.0,394.0,165.0,482.0,537.0,176.0,100.0,259.0,417.0
Domantas Sabonis,397.0,11204.0,4131.0,546.0,1448.0,877.0,2709.0,1384.0,294.0,176.0,894.0,1192.0
Torrey Craig,265.0,4801.0,1209.0,594.0,192.0,301.0,635.0,242.0,119.0,138.0,142.0,532.0
Myles Turner,371.0,11012.0,3700.0,1107.0,1126.0,547.0,2000.0,472.0,286.0,898.0,507.0,1093.0
Justin Holiday,423.0,11721.0,3598.0,2262.0,540.0,183.0,1267.0,685.0,456.0,200.0,401.0,770.0
Chris Duarte,40.0,1162.0,472.0,205.0,77.0,28.0,137.0,91.0,45.0,7.0,66.0,70.0
Oshae Brissett,77.0,1355.0,394.0,188.0,123.0,84.0,208.0,51.0,43.0,34.0,43.0,102.0
Caris LeVert,293.0,7992.0,3668.0,1227.0,892.0,218.0,905.0,1148.0,324.0,100.0,563.0,587.0
Jeremy Lamb,336.0,7925.0,3254.0,1119.0,850.0,208.0,1228.0,624.0,283.0,144.0,306.0,593.0
Malcolm Brogdon,325.0,9780.0,4021.0,1352.0,848.0,263.0,1094.0,1550.0,279.0,74.0,577.0,635.0
Goga Bitadze,127.0,1324.0,448.0,159.0,135.0,122.0,214.0,75.0,29.0,114.0,61.0,204.0
T.J. McConnell,397.0,9012.0,2434.0,249.0,271.0,216.0,960.0,2021.0,514.0,83.0,625.0,595.0
Duane Washington Jr.,16.0,311.0,126.0,67.0,19.0,1.0,22.0,28.0,7.0,1.0,17.0,15.0
Isaiah Jackson,15.0,108.0,40.0,2.0,21.0,12.0,22.0,4.0,5.0,9.0,4.0,24.0
Keifer Sykes,12.0,270.0,88.0,41.0,9.0,5.0,21.0,31.0,6.0,1.0,19.0,25.0
Terry Taylor,2.0,6.0,0.0,0.0,0.0,0.0,1.0,1.0,0.0,0.0,0.0,0.0
T.J. Warren,245.0,7869.0,3536.0,601.0,747.0,351.0,789.0,328.0,272.0,143.0,282.0,646.0
Georges Niang,271.0,3687.0,1286.0,848.0,116.0,75.0,456.0,203.0,79.0,27.0,141.0,364.0
Furkan Korkmaz,231.0,4393.0,1615.0,986.0,285.0,66.0,464.0,317.0,147.0,33.0,167.0,278.0
Andre Drummond,382.0,11561.0,4403.0,100.0,1740.0,1699.0,3672.0,760.0,593.0,536.0,925.0,1210.0
Seth Curry,305.0,8034.0,2764.0,1392.0,399.0,104.0,612.0,693.0,229.0,45.0,356.0,518.0
Tyrese Maxey,100.0,2312.0,952.0,238.0,194.0,26.0,212.0,294.0,52.0,33.0,87.0,160.0
Tobias Harris,415.0,13859.0,6190.0,1851.0,1310.0,363.0,2323.0,1151.0,314.0,224.0,623.0,842.0
Joel Embiid,295.0,9092.0,5040.0,1019.0,2715.0,688.0,2622.0,945.0,243.0,491.0,997.0,919.0
Matisse Thybulle,162.0,3410.0,664.0,380.0,72.0,90.0,219.0,176.0,258.0,154.0,106.0,341.0
Isaiah Joe,72.0,771.0,248.0,193.0,43.0,10.0,63.0,42.0,21.0,6.0,19.0,63.0
Danny Green,384.0,10123.0,2820.0,1964.0,239.0,254.0,1096.0,601.0,421.0,303.0,381.0,725.0
Shake Milton,150.0,3202.0,1285.0,461.0,296.0,70.0,282.0,390.0,87.0,44.0,187.0,307.0
Charles Bassey,21.0,152.0,40.0,4.0,11.0,19.0,37.0,7.0,4.0,15.0,7.0,29.0
Paul Reed,47.0,362.0,121.0,10.0,16.0,50.0,58.0,22.0,22.0,23.0,19.0,57.0
Charlie Brown Jr.,31.0,349.0,97.0,41.0,23.0,18.0,33.0,16.0,15.0,8.0,13.0,37.0
Myles Powell,9.0,46.0,16.0,5.0,2.0,1.0,4.0,3.0,1.0,0.0,3.0,6.0
Jaden Springer,2.0,6.0,1.0,0.0,0.0,1.0,1.0,0.0,0.0,2.0,1.0,0.0
Ben Simmons,275.0,9326.0,3188.0,34.0,1354.0,523.0,1694.0,2127.0,464.0,199.0,925.0,777.0
Chris Paul,363.0,11532.0,4586.0,1738.0,1277.0,179.0,1566.0,3057.0,629.0,85.0,853.0,855.0
Mikal Bridges,273.0,8375.0,2155.0,990.0,427.0,242.0,810.0,548.0,366.0,167.0,237.0,565.0
Cameron Johnson,160.0,3797.0,1270.0,856.0,180.0,110.0,459.0,208.0,111.0,46.0,101.0,244.0
JaVale McGee,373.0,5516.0,2042.0,55.0,556.0,655.0,1250.0,204.0,155.0,457.0,352.0,801.0
Landry Shamet,235.0,5499.0,1676.0,1213.0,298.0,48.0,379.0,380.0,108.0,34.0,158.0,439.0
Cameron Payne,204.0,3833.0,1485.0,590.0,194.0,70.0,404.0,659.0,135.0,52.0,252.0,352.0
Devin Booker,372.0,12918.0,7098.0,2242.0,2315.0,208.0,1338.0,1870.0,316.0,97.0,1269.0,1103.0
Jae Crowder,396.0,11210.0,3549.0,2236.0,808.0,264.0,1666.0,729.0,370.0,144.0,399.0,878.0
Deandre Ayton,206.0,6371.0,2447.0,45.0,531.0,677.0,1511.0,339.0,150.0,229.0,357.0,584.0
Elfrid Payton,321.0,8484.0,3149.0,517.0,662.0,331.0,1028.0,1813.0,345.0,107.0,681.0,634.0
Jalen Smith,49.0,461.0,163.0,47.0,48.0,55.0,102.0,9.0,6.0,19.0,24.0,54.0
Ish Wainright,20.0,133.0,39.0,22.0,4.0,14.0,12.0,8.0,7.0,2.0,8.0,24.0
Abdel Nader,202.0,2583.0,778.0,350.0,188.0,52.0,324.0,110.0,76.0,55.0,133.0,245.0
Bismack Biyombo,345.0,6642.0,1424.0,2.0,768.0,668.0,1337.0,316.0,91.0,361.0,340.0,740.0
Frank Kaminsky,296.0,6217.0,2446.0,991.0,627.0,224.0,968.0,521.0,130.0,99.0,247.0,461.0
Emanuel Terry,6.0,41.0,12.0,0.0,4.0,11.0,11.0,4.0,4.0,0.0,7.0,8.0
Dario Šarić,356.0,8965.0,3393.0,1433.0,804.0,538.0,1548.0,699.0,220.0,79.0,573.0,755.0
Jusuf Nurkić,304.0,7754.0,3186.0,121.0,1192.0,811.0,1991.0,774.0,286.0,369.0,692.0,947.0
Robert Covington,365.0,11488.0,3461.0,2228.0,613.0,335.0,1895.0,561.0,616.0,420.0,520.0,1095.0
Nassir Little,137.0,2272.0,622.0,287.0,180.0,118.0,346.0,97.0,43.0,63.0,72.0,204.0
Anfernee Simons,194.0,3794.0,1492.0,804.0,234.0,61.0,347.0,336.0,65.0,24.0,179.0,317.0
Larry Nance Jr.,324.0,8079.0,2154.0,481.0,523.0,667.0,1559.0,695.0,425.0,169.0,346.0,743.0
Norman Powell,361.0,8360.0,3260.0,1406.0,864.0,138.0,792.0,555.0,304.0,97.0,449.0,679.0
Tony Snell,367.0,8747.0,1953.0,1246.0,194.0,97.0,727.0,465.0,178.0,90.0,176.0,541.0
Damian Lillard,390.0,14130.0,7671.0,3513.0,2779.0,254.0,1497.0,2719.0,382.0,131.0,1095.0,670.0
Ben McLemore,289.0,5449.0,1972.0,1267.0,313.0,99.0,482.0,226.0,152.0,53.0,241.0,556.0
CJ McCollum,376.0,13233.0,6944.0,2516.0,1111.0,279.0,1213.0,1420.0,333.0,188.0,682.0,872.0
Dennis Smith Jr.,207.0,4998.0,2184.0,686.0,475.0,128.0,482.0,879.0,222.0,70.0,472.0,423.0
Cody Zeller,277.0,6296.0,1837.0,133.0,769.0,641.0,1138.0,428.0,189.0,168.0,305.0,751.0
CJ Elleby,56.0,475.0,149.0,74.0,31.0,26.0,59.0,28.0,19.0,5.0,16.0,62.0
Trendon Watford,20.0,191.0,53.0,4.0,23.0,15.0,34.0,15.0,3.0,10.0,13.0,18.0
Greg Brown III,18.0,85.0,31.0,6.0,13.0,8.0,14.0,5.0,2.0,4.0,6.0,11.0
Keljin Blevins,23.0,111.0,31.0,17.0,2.0,3.0,10.0,6.0,2.0,0.0,8.0,9.0
Quinn Cook,188.0,2652.0,1039.0,441.0,78.0,46.0,268.0,298.0,52.0,7.0,135.0,201.0
Buddy Hield,435.0,12571.0,5830.0,3285.0,680.0,316.0,1523.0,1047.0,354.0,125.0,743.0,904.0
Tyrese Haliburton,102.0,3247.0,1108.0,509.0,133.0,72.0,274.0,625.0,149.0,59.0,190.0,147.0
De'Aaron Fox,306.0,9710.0,4562.0,1047.0,1625.0,164.0,905.0,1897.0,416.0,134.0,852.0,804.0
Harrison Barnes,406.0,13997.0,5431.0,1733.0,1595.0,415.0,1806.0,845.0,280.0,74.0,569.0,566.0
Davion Mitchell,42.0,1031.0,397.0,156.0,37.0,23.0,73.0,135.0,29.0,13.0,42.0,76.0
Chimezie Metu,115.0,1448.0,541.0,158.0,116.0,73.0,301.0,86.0,51.0,46.0,83.0,127.0
Richaun Holmes,310.0,6920.0,2161.0,123.0,689.0,607.0,1353.0,359.0,195.0,348.0,300.0,900.0
Alex Len,372.0,6971.0,2237.0,322.0,928.0,715.0,1463.0,347.0,145.0,365.0,425.0,941.0
Tristan Thompson,315.0,8069.0,2091.0,30.0,739.0,1052.0,1630.0,401.0,151.0,212.0,353.0,662.0
Maurice Harkless,325.0,7652.0,1863.0,674.0,380.0,322.0,848.0,343.0,300.0,236.0,264.0,760.0
Terence Davis,162.0,2810.0,1154.0,656.0,155.0,81.0,402.0,237.0,108.0,39.0,172.0,291.0
Damian Jones,171.0,2423.0,496.0,26.0,243.0,199.0,357.0,121.0,56.0,113.0,108.0,373.0
Marvin Bagley III,145.0,3606.0,1588.0,283.0,474.0,360.0,722.0,131.0,68.0,101.0,193.0,308.0
Jahmi'us Ramsey,28.0,177.0,72.0,30.0,15.0,3.0,12.0,9.0,5.0,2.0,5.0,13.0
Robert Woodard II,21.0,60.0,24.0,7.0,10.0,4.0,14.0,2.0,0.0,3.0,2.0,6.0
Neemias Queta,6.0,40.0,15.0,0.0,4.0,6.0,7.0,3.0,1.0,1.0,2.0,7.0
Louis King,21.0,202.0,81.0,38.0,16.0,6.0,30.0,15.0,11.0,3.0,6.0,27.0
Keldon Johnson,129.0,3589.0,1311.0,370.0,363.0,147.0,590.0,208.0,84.0,32.0,147.0,248.0
Lonnie Walker IV,181.0,3607.0,1464.0,607.0,221.0,45.0,380.0,278.0,95.0,45.0,157.0,245.0
Dejounte Murray,294.0,7337.0,3084.0,544.0,537.0,299.0,1414.0,1291.0,400.0,77.0,515.0,542.0
Derrick White,230.0,5886.0,2084.0,835.0,608.0,112.0,641.0,875.0,187.0,184.0,308.0,491.0
Drew Eubanks,141.0,1653.0,432.0,9.0,215.0,158.0,367.0,105.0,37.0,97.0,115.0,190.0
Jakob Poeltl,387.0,7575.0,1863.0,2.0,565.0,929.0,1315.0,518.0,196.0,470.0,361.0,865.0
Devin Vassell,101.0,2032.0,689.0,344.0,92.0,49.0,290.0,107.0,81.0,45.0,52.0,172.0
Keita Bates-Diop,143.0,2165.0,621.0,213.0,166.0,96.0,328.0,84.0,65.0,56.0,67.0,123.0
Tre Jones,74.0,723.0,212.0,19.0,42.0,23.0,70.0,119.0,22.0,0.0,34.0,47.0
Doug McDermott,391.0,8396.0,2940.0,1376.0,427.0,176.0,785.0,405.0,89.0,43.0,257.0,587.0
Jock Landale,29.0,298.0,102.0,43.0,23.0,36.0,31.0,29.0,5.0,11.0,20.0,25.0
Thaddeus Young,392.0,10910.0,3771.0,715.0,518.0,803.0,1500.0,941.0,557.0,171.0,588.0,824.0
Joshua Primo,20.0,269.0,77.0,41.0,12.0,8.0,23.0,26.0,8.0,10.0,18.0,18.0
Joe Wieskamp,13.0,77.0,23.0,17.0,7.0,2.0,5.0,4.0,2.0,2.0,0.0,5.0
Devontae Cacok,28.0,165.0,56.0,0.0,11.0,19.0,39.0,4.0,9.0,9.0,6.0,16.0
Juancho Hernangómez,276.0,4308.0,1186.0,659.0,351.0,223.0,711.0,174.0,105.0,57.0,143.0,304.0
Zach Collins,154.0,2691.0,757.0,253.0,176.0,179.0,435.0,139.0,47.0,102.0,149.0,343.0
Luguentz Dort,131.0,3747.0,1448.0,748.0,358.0,91.0,350.0,184.0,112.0,39.0,167.0,358.0
Jeremiah Robinson-Earl,43.0,992.0,283.0,147.0,41.0,69.0,179.0,44.0,26.0,14.0,35.0,71.0
Shai Gilgeous-Alexander,229.0,7252.0,3074.0,798.0,1072.0,153.0,858.0,942.0,249.0,148.0,484.0,462.0
Josh Giddey,42.0,1294.0,497.0,169.0,53.0,72.0,240.0,259.0,41.0,18.0,124.0,71.0
Darius Bazley,158.0,3924.0,1360.0,573.0,323.0,125.0,781.0,188.0,82.0,115.0,223.0,157.0
Mike Muscala,308.0,5347.0,1691.0,1010.0,319.0,240.0,826.0,310.0,116.0,152.0,196.0,471.0
Kenrich Williams,190.0,4150.0,1079.0,459.0,151.0,247.0,592.0,367.0,163.0,62.0,167.0,390.0
Ty Jerome,102.0,1707.0,645.0,352.0,88.0,32.0,161.0,229.0,60.0,13.0,92.0,141.0
Aleksej Pokusevski,81.0,1634.0,601.0,294.0,56.0,63.0,294.0,137.0,38.0,59.0,141.0,102.0
Tre Mann,34.0,583.0,229.0,97.0,30.0,12.0,62.0,26.0,18.0,7.0,22.0,56.0
Derrick Favors,353.0,7883.0,2467.0,172.0,721.0,843.0,1596.0,396.0,229.0,349.0,329.0,727.0
Aaron Wiggins,29.0,627.0,163.0,73.0,45.0,24.0,73.0,30.0,23.0,6.0,26.0,56.0
Théo Maledon,86.0,2063.0,692.0,357.0,165.0,33.0,215.0,249.0,66.0,13.0,159.0,148.0
Isaiah Roby,82.0,1682.0,514.0,131.0,138.0,109.0,293.0,120.0,56.0,43.0,129.0,189.0
Paul Watson,46.0,540.0,143.0,102.0,19.0,9.0,80.0,33.0,13.0,7.0,16.0,51.0
Mamadi Diakite,21.0,223.0,60.0,8.0,16.0,15.0,43.0,8.0,10.0,9.0,6.0,31.0
Gabriel Deck,17.0,268.0,81.0,19.0,22.0,17.0,29.0,29.0,9.0,0.0,8.0,11.0
Vit Krejci,3.0,9.0,2.0,2.0,2.0,0.0,3.0,0.0,0.0,0.0,1.0,0.0
Chris Boucher,193.0,3273.0,1246.0,517.0,424.0,333.0,655.0,105.0,91.0,239.0,110.0,394.0
Fred VanVleet,324.0,8968.0,3616.0,1843.0,773.0,134.0,875.0,1555.0,399.0,117.0,494.0,628.0
Svi Mykhailiuk,202.0,3671.0,1252.0,799.0,172.0,69.0,320.0,293.0,130.0,21.0,197.0,222.0
Scottie Barnes,37.0,1311.0,463.0,98.0,107.0,103.0,186.0,127.0,38.0,32.0,69.0,107.0
Gary Trent Jr.,169.0,4425.0,1780.0,978.0,221.0,67.0,291.0,217.0,170.0,41.0,102.0,262.0
Precious Achiuwa,96.0,1613.0,507.0,44.0,166.0,155.0,316.0,72.0,40.0,50.0,79.0,167.0
Dalano Banton,34.0,398.0,122.0,28.0,24.0,20.0,51.0,57.0,14.0,5.0,37.0,42.0
Pascal Siakam,363.0,10336.0,4240.0,1064.0,1189.0,488.0,1710.0,1032.0,323.0,251.0,612.0,968.0
OG Anunoby,282.0,7396.0,2299.0,1100.0,419.0,280.0,857.0,374.0,308.0,127.0,304.0,639.0
Malachi Flynn,74.0,1159.0,426.0,212.0,63.0,16.0,128.0,162.0,48.0,10.0,51.0,91.0
Justin Champagnie,27.0,241.0,59.0,22.0,9.0,36.0,25.0,8.0,7.0,4.0,6.0,31.0
Khem Birch,230.0,4155.0,903.0,62.0,416.0,475.0,621.0,239.0,120.0,134.0,132.0,371.0
Yuta Watanabe,102.0,1325.0,364.0,169.0,71.0,60.0,214.0,68.0,42.0,31.0,40.0,103.0
Isaac Bonga,140.0,1865.0,361.0,130.0,114.0,102.0,218.0,117.0,72.0,37.0,88.0,238.0
Goran Dragić,298.0,8918.0,3945.0,1349.0,1127.0,192.0,874.0,1485.0,260.0,49.0,712.0,705.0
David Johnson,2.0,2.0,1.0,1.0,0.0,0.0,0.0,0.0,0.0,0.0,0.0,0.0
Jordan Clarkson,430.0,11259.0,5805.0,2501.0,951.0,320.0,1037.0,1044.0,344.0,65.0,716.0,673.0
Bojan Bogdanović,423.0,12836.0,5216.0,2379.0,1471.0,217.0,1397.0,738.0,259.0,28.0,733.0,715.0
Royce O'Neale,337.0,8503.0,1622.0,974.0,257.0,200.0,1424.0,688.0,262.0,127.0,307.0,771.0
Rudy Gobert,399.0,13021.0,3252.0,7.0,2358.0,1412.0,3774.0,577.0,283.0,950.0,709.0,1120.0
Mike Conley,291.0,9065.0,3953.0,1756.0,1212.0,164.0,797.0,1661.0,350.0,69.0,562.0,547.0
Joe Ingles,427.0,12185.0,3357.0,2198.0,478.0,148.0,1431.0,1927.0,417.0,76.0,764.0,872.0
Donovan Mitchell,318.0,10711.0,6151.0,2381.0,1500.0,247.0,1062.0,1390.0,410.0,96.0,882.0,811.0
Hassan Whiteside,343.0,8727.0,3353.0,26.0,1194.0,1127.0,2771.0,279.0,185.0,682.0,537.0,923.0
Trent Forrest,67.0,676.0,132.0,33.0,44.0,24.0,79.0,85.0,19.0,7.0,48.0,43.0
Eric Paschall,134.0,2765.0,1060.0,242.0,352.0,132.0,338.0,196.0,48.0,24.0,156.0,226.0
Rudy Gay,316.0,7514.0,3174.0,1041.0,719.0,306.0,1450.0,572.0,241.0,180.0,442.0,611.0
Jared Butler,21.0,131.0,61.0,34.0,9.0,1.0,15.0,16.0,8.0,6.0,17.0,21.0
Elijah Hughes,29.0,140.0,54.0,41.0,7.0,1.0,19.0,11.0,4.0,1.0,11.0,6.0
Udoka Azubuike,23.0,111.0,17.0,0.0,12.0,6.0,19.0,0.0,2.0,8.0,8.0,14.0
Danuel House Jr.,184.0,4572.0,1292.0,797.0,285.0,119.0,555.0,248.0,123.0,75.0,156.0,324.0
Jaren Jackson Jr.,174.0,4724.0,2121.0,835.0,629.0,209.0,660.0,204.0,152.0,296.0,298.0,658.0
Desmond Bane,113.0,2865.0,1142.0,583.0,119.0,54.0,355.0,226.0,90.0,37.0,127.0,235.0
Tyus Jones,390.0,7204.0,2105.0,706.0,334.0,91.0,607.0,1448.0,386.0,30.0,282.0,332.0
Steven Adams,402.0,11992.0,3183.0,11.0,1297.0,1668.0,1906.0,690.0,447.0,363.0,650.0,924.0
John Konchar,103.0,1496.0,324.0,134.0,59.0,105.0,253.0,126.0,67.0,24.0,44.0,98.0
De'Anthony Melton,202.0,4112.0,1418.0,635.0,267.0,137.0,553.0,576.0,269.0,97.0,285.0,382.0
Kyle Anderson,363.0,8349.0,2194.0,551.0,588.0,310.0,1427.0,932.0,400.0,240.0,384.0,577.0
Xavier Tillman Sr.,96.0,1590.0,450.0,99.0,101.0,120.0,250.0,115.0,85.0,47.0,71.0,165.0
Ja Morant,166.0,5311.0,2592.0,577.0,909.0,163.0,563.0,1200.0,161.0,45.0,545.0,248.0
Brandon Clarke,151.0,3340.0,1194.0,159.0,287.0,254.0,594.0,222.0,107.0,137.0,106.0,239.0
Ziaire Williams,30.0,608.0,191.0,114.0,18.0,8.0,39.0,24.0,15.0,7.0,16.0,57.0
Killian Tillie,46.0,558.0,162.0,100.0,19.0,25.0,50.0,25.0,27.0,21.0,11.0,64.0
Santi Aldama,26.0,275.0,97.0,39.0,20.0,23.0,40.0,14.0,2.0,7.0,8.0,25.0
Jarrett Culver,119.0,2229.0,823.0,302.0,184.0,112.0,241.0,158.0,88.0,49.0,119.0,209.0
Dillon Brooks,261.0,7376.0,3333.0,1188.0,666.0,196.0,600.0,515.0,251.0,78.0,423.0,867.0
Sam Merrill,36.0,291.0,96.0,70.0,8.0,7.0,30.0,25.0,8.0,1.0,12.0,20.0
Yves Pons,6.0,21.0,3.0,1.0,2.0,2.0,3.0,0.0,0.0,0.0,0.0,2.0
Tyrell Terry,13.0,59.0,17.0,7.0,3.0,0.0,6.0,6.0,5.0,0.0,2.0,3.0
Shaquille Harrison,175.0,2654.0,799.0,175.0,233.0,72.0,349.0,271.0,167.0,62.0,114.0,257.0
Deni Avdija,101.0,2321.0,598.0,299.0,112.0,55.0,430.0,139.0,69.0,45.0,74.0,246.0
Kyle Kuzma,320.0,9650.0,4124.0,1746.0,843.0,357.0,1585.0,652.0,180.0,161.0,574.0,665.0
Kentavious Caldwell-Pope,412.0,11986.0,3935.0,2059.0,811.0,249.0,1103.0,782.0,436.0,99.0,435.0,721.0
Daniel Gafford,141.0,2341.0,606.0,0.0,248.0,244.0,366.0,94.0,57.0,202.0,111.0,300.0
Corey Kispert,42.0,761.0,205.0,115.0,38.0,22.0,69.0,34.0,13.0,11.0,19.0,37.0
Montrezl Harrell,388.0,8827.0,3527.0,73.0,1542.0,776.0,1438.0,565.0,230.0,352.0,469.0,876.0
Raul Neto,276.0,4179.0,1334.0,457.0,267.0,63.0,376.0,545.0,172.0,26.0,236.0,355.0
Bradley Beal,396.0,14253.0,7845.0,2736.0,2265.0,364.0,1353.0,1947.0,474.0,174.0,1103.0,910.0
Spencer Dinwiddie,312.0,8772.0,3441.0,1514.0,1364.0,154.0,841.0,1681.0,217.0,92.0,586.0,768.0
Aaron Holiday,218.0,4009.0,1447.0,586.0,246.0,49.0,322.0,502.0,141.0,50.0,226.0,340.0
Dāvis Bertāns,363.0,7061.0,2309.0,1805.0,409.0,122.0,867.0,376.0,162.0,141.0,216.0,628.0
Anthony Gill,44.0,331.0,87.0,31.0,28.0,24.0,52.0,19.0,11.0,6.0,13.0,46.0
Isaiah Todd,9.0,35.0,15.0,10.0,4.0,2.0,7.0,1.0,2.0,2.0,1.0,1.0
Rui Hachimura,113.0,3369.0,1249.0,241.0,317.0,129.0,510.0,174.0,83.0,16.0,125.0,229.0
Joel Ayayi,7.0,20.0,6.0,1.0,0.0,1.0,2.0,4.0,0.0,0.0,0.0,0.0
Thomas Bryant,149.0,3072.0,1069.0,235.0,295.0,240.0,642.0,200.0,57.0,129.0,127.0,275.0
Cassius Winston,24.0,105.0,35.0,19.0,8.0,0.0,9.0,14.0,2.0,1.0,6.0,8.0
Saddiq Bey,116.0,3449.0,1320.0,793.0,270.0,102.0,489.0,209.0,93.0,22.0,126.0,191.0
Trey Lyles,337.0,6132.0,2235.0,956.0,548.0,281.0,1201.0,381.0,136.0,126.0,280.0,487.0
Hamidou Diallo,188.0,3527.0,1272.0,222.0,408.0,182.0,532.0,206.0,147.0,58.0,193.0,410.0
Isaiah Stewart,106.0,2412.0,654.0,84.0,150.0,257.0,496.0,102.0,52.0,132.0,117.0,294.0
Cade Cunningham,37.0,1186.0,545.0,236.0,79.0,32.0,167.0,192.0,47.0,23.0,134.0,109.0
Josh Jackson,277.0,6573.0,2887.0,883.0,810.0,246.0,889.0,527.0,242.0,162.0,525.0,714.0
Cory Joseph,414.0,10303.0,2863.0,868.0,491.0,221.0,982.0,1451.0,379.0,98.0,482.0,748.0
Killian Hayes,60.0,1537.0,422.0,166.0,50.0,22.0,149.0,263.0,66.0,26.0,136.0,141.0
Frank Jackson,193.0,3453.0,1376.0,649.0,276.0,73.0,281.0,197.0,73.0,15.0,158.0,276.0
Luka Garza,27.0,327.0,117.0,40.0,42.0,47.0,36.0,15.0,8.0,4.0,16.0,46.0
Saben Lee,74.0,1181.0,331.0,67.0,132.0,30.0,133.0,236.0,57.0,23.0,80.0,100.0
Jerami Grant,390.0,10308.0,3555.0,1227.0,1293.0,336.0,1219.0,484.0,237.0,398.0,388.0,851.0
Rodney McGruder,255.0,5143.0,1323.0,638.0,199.0,215.0,528.0,320.0,130.0,44.0,167.0,381.0
Kelly Olynyk,379.0,8697.0,2924.0,1444.0,800.0,382.0,1645.0,847.0,297.0,174.0,572.0,1025.0
Cassius Stanley,32.0,245.0,88.0,30.0,19.0,13.0,26.0,5.0,6.0,4.0,7.0,31.0
Jamorko Pickett,6.0,47.0,10.0,7.0,0.0,2.0,7.0,1.0,0.0,1.0,3.0,3.0
Isaiah Livers,1.0,5.0,2.0,2.0,0.0,0.0,0.0,0.0,1.0,1.0,1.0,1.0
Chris Smith,0.0,0.0,0.0,0.0,0.0,0.0,0.0,0.0,0.0,0.0,0.0,0.0
Miles Bridges,256.0,7243.0,2594.0,1062.0,490.0,292.0,1124.0,514.0,188.0,189.0,335.0,502.0
Gordon Hayward,287.0,9109.0,3739.0,1242.0,1095.0,228.0,1307.0,1057.0,268.0,101.0,508.0,472.0
Kelly Oubre Jr.,383.0,10587.0,4195.0,1820.0,1100.0,384.0,1425.0,436.0,399.0,208.0,440.0,1027.0
Cody Martin,142.0,2887.0,662.0,230.0,178.0,142.0,353.0,294.0,135.0,42.0,120.0,198.0
LaMelo Ball,91.0,2742.0,1333.0,552.0,283.0,131.0,463.0,618.0,143.0,36.0,269.0,257.0
Jalen McDaniels,102.0,1882.0,551.0,215.0,127.0,89.0,281.0,109.0,56.0,38.0,86.0,201.0
Terry Rozier,403.0,10909.0,4547.0,2215.0,793.0,258.0,1387.0,1299.0,387.0,102.0,507.0,591.0
Mason Plumlee,392.0,8808.0,2278.0,30.0,1081.0,796.0,1840.0,1127.0,291.0,366.0,595.0,1104.0
Nick Richards,52.0,359.0,82.0,1.0,42.0,31.0,51.0,13.0,9.0,19.0,21.0,51.0
P.J. Washington,152.0,4449.0,1508.0,656.0,328.0,193.0,706.0,350.0,141.0,156.0,264.0,404.0
Ish Smith,361.0,8383.0,3177.0,579.0,418.0,130.0,890.0,1567.0,263.0,114.0,449.0,573.0
James Bouknight,20.0,171.0,77.0,32.0,13.0,14.0,15.0,17.0,2.0,0.0,8.0,15.0
Kai Jones,14.0,39.0,7.0,1.0,4.0,1.0,5.0,2.0,0.0,0.0,5.0,3.0
JT Thor,12.0,116.0,28.0,17.0,10.0,6.0,11.0,7.0,4.0,6.0,4.0,14.0
Vernon Carey Jr.,23.0,132.0,42.0,7.0,14.0,9.0,23.0,2.0,2.0,5.0,6.0,14.0
Scottie Lewis,2.0,7.0,0.0,0.0,2.0,0.0,0.0,1.0,1.0,0.0,0.0,0.0
Arnoldas Kulboka,1.0,3.0,0.0,0.0,0.0,0.0,0.0,0.0,0.0,0.0,0.0,0.0
