Player,Pos,Age,Tm,G,GS,MP,FG,FGA,FG%,3P,3PA,3P%,2P,2PA,2P%,eFG%,FT,FTA,FT%,ORB,DRB,TRB,AST,STL,BLK,TOV,PF,PTS,PER,TS%,3PAr,FTr,ORB%,DRB%,TRB%,AST%,STL%,BLK%,TOV%,USG%, ,OWS,DWS,WS,WS/48, ,OBPM,DBPM,BPM,VORP
Mahmoud Abdul-Rauf,PG,31,VAN,41,0,486,120,246,.488,4,14,.286,116,232,.500,.496,22,29,.759,5,20,25,76,9,1,26,50,266,16.7,.514,.057,.118,1.2,4.7,2.9,32.7,1.0,0.1,9.1,26.8,,0.7,0.0,0.7,.070,,1.1,-2.1,-1.0,0.1
Tariq Abdul-Wahad,SG,26,DEN,29,12,420,43,111,.387,4,10,.400,39,101,.386,.405,21,36,.583,14,45,59,22,14,13,34,54,111,5.8,.438,.090,.324,3.6,11.8,7.6,8.1,1.7,2.1,21.1,17.1,,-0.7,0.3,-0.4,-0.049,,-5.6,-0.3,-5.8,-0.4
Shareef Abdur-Rahim,SF,24,VAN,81,81,3241,604,1280,.472,12,64,.188,592,1216,.487,.477,443,531,.834,175,560,735,250,90,77,231,238,1663,19.1,.549,.050,.415,6.2,19.6,13.0,14.3,1.5,1.6,13.2,24.6,,5.6,2.9,8.5,.126,,1.7,0.1,1.8,3.1
Cory Alexander,PG,27,ORL,26,0,227,18,56,.321,4,16,.250,14,40,.350,.357,12,18,.667,0,25,25,36,16,0,25,29,52,6.3,.407,.286,.321,0.0,12.5,6.1,23.5,3.6,0.0,28.1,17.3,,-0.5,0.3,-0.1,-0.031,,-7.2,1.2,-6.0,-0.2
Courtney Alexander,PG,23,TOT,65,24,1382,239,573,.417,17,46,.370,222,527,.421,.432,123,150,.820,42,101,143,62,45,5,75,139,618,11.6,.484,.080,.262,3.5,8.4,5.9,8.0,1.7,0.3,10.5,23.2,,0.3,0.5,0.8,.027,,-2.4,-1.9,-4.3,-0.8
Ray Allen,SG,25,MIL,82,82,3129,628,1309,.480,202,467,.433,426,842,.506,.557,348,392,.888,101,327,428,374,124,20,204,192,1806,22.9,.610,.357,.299,3.7,11.8,7.8,20.4,2.1,0.5,12.1,24.4,,11.5,2.2,13.7,.211,,5.7,-0.3,5.5,5.9
Rafer Alston,PG,24,MIL,37,2,288,30,84,.357,8,30,.267,22,54,.407,.405,9,13,.692,4,27,31,68,13,0,20,27,77,12.1,.429,.357,.155,1.6,10.6,6.1,34.6,2.4,0.0,18.2,17.2,,0.1,0.2,0.3,.055,,-1.6,-0.5,-2.1,0.0
John Amaechi,C,30,ORL,82,36,1710,237,592,.400,0,7,.000,237,585,.405,.400,176,279,.631,77,191,268,74,28,29,124,175,650,8.7,.455,.012,.471,4.9,12.7,8.7,7.0,0.8,1.2,14.8,21.7,,-1.3,1.4,0.0,.001,,-4.3,-1.8,-6.1,-1.7
Derek Anderson,SG,26,SAS,82,82,2859,413,993,.416,101,253,.399,312,740,.422,.467,342,402,.851,75,288,363,301,120,14,165,188,1269,17.1,.542,.255,.405,3.1,10.9,7.2,18.1,2.2,0.3,12.4,21.9,,5.6,4.3,9.9,.166,,1.2,1.2,2.4,3.2
Kenny Anderson,PG,30,BOS,33,28,849,88,227,.388,11,33,.333,77,194,.397,.412,59,71,.831,16,57,73,134,44,2,52,62,246,12.2,.476,.145,.313,2.1,8.2,5.0,26.5,2.7,0.2,16.8,16.6,,0.4,0.7,1.1,.063,,-1.9,-0.1,-2.0,0.0
Nick Anderson,SG,33,SAC,21,0,169,14,57,.246,10,39,.256,4,18,.222,.333,0,0,,3,22,25,13,10,4,7,13,38,6.4,.333,.684,.000,2.0,13.7,8.0,11.0,3.0,1.6,10.9,16.7,,-0.3,0.3,0.0,-0.011,,-4.6,1.4,-3.2,-0.1
Shandon Anderson,SG,27,HOU,82,82,2396,263,590,.446,46,170,.271,217,420,.517,.485,138,188,.734,72,261,333,189,82,40,131,202,710,11.9,.528,.288,.319,3.6,12.3,8.0,12.5,1.8,1.2,16.3,15.4,,1.9,2.0,3.9,.078,,-1.1,0.7,-0.4,0.9
Greg Anthony,PG,33,POR,58,0,856,97,253,.383,65,159,.409,32,94,.340,.512,23,35,.657,21,40,61,82,40,3,43,63,282,12.0,.525,.628,.138,3.0,5.4,4.3,14.8,2.5,0.3,13.8,16.9,,0.9,0.7,1.6,.090,,0.0,0.1,0.1,0.5
Darrell Armstrong,PG,32,ORL,75,75,2767,413,1002,.412,143,403,.355,270,599,.451,.484,220,249,.884,94,249,343,524,135,13,200,155,1189,18.6,.535,.402,.249,3.7,10.2,6.9,31.3,2.5,0.3,15.2,21.0,,5.8,2.9,8.7,.151,,3.2,0.1,3.3,3.6
Chucky Atkins,PG,26,DET,81,75,2363,380,952,.399,121,339,.357,259,613,.423,.463,90,130,.692,28,145,173,330,67,5,149,184,971,12.2,.481,.356,.137,1.2,6.7,3.9,24.3,1.4,0.1,12.9,21.2,,1.2,1.6,2.8,.057,,-0.6,-1.0,-1.6,0.3
Stacey Augmon,SG,32,POR,66,23,1182,127,266,.477,0,4,.000,127,262,.485,.477,57,87,.655,60,99,159,98,48,21,48,105,311,12.3,.511,.015,.327,6.3,9.7,8.0,12.7,2.2,1.3,13.6,13.9,,1.3,1.2,2.5,.102,,-1.1,1.3,0.2,0.7
Isaac Austin,C,31,VAN,52,16,845,96,270,.356,6,24,.250,90,246,.366,.367,28,40,.700,50,172,222,58,20,23,54,94,226,8.3,.393,.089,.148,6.8,23.1,15.0,11.2,1.2,1.9,15.8,18.5,,-1.3,0.9,-0.5,-0.026,,-4.4,0.1,-4.3,-0.5
William Avery,PG,21,MIN,55,0,463,55,144,.382,16,59,.271,39,85,.459,.438,28,36,.778,5,24,29,75,13,4,45,48,154,9.0,.482,.410,.250,1.2,6.0,3.6,24.0,1.5,0.6,22.0,20.0,,-0.2,0.2,0.0,-0.003,,-2.6,-2.0,-4.6,-0.3
Dalibor Bagarić,C,20,CHI,35,0,259,17,65,.262,0,1,.000,17,64,.266,.262,13,28,.464,22,34,56,10,9,16,21,44,47,3.3,.304,.015,.431,9.7,16.2,12.8,6.2,1.9,4.6,21.4,17.6,,-0.9,0.2,-0.7,-0.121,,-8.9,-1.2,-10.0,-0.5
Vin Baker,PF,29,SEA,76,27,2129,347,822,.422,1,16,.063,346,806,.429,.423,232,321,.723,179,251,430,90,38,73,158,264,927,13.0,.481,.019,.391,9.7,13.5,11.6,7.0,0.9,2.5,14.1,23.8,,0.6,1.2,1.8,.040,,-2.4,-1.8,-4.2,-1.2
Erick Barkley,PG,22,POR,8,0,38,8,22,.364,3,8,.375,5,14,.357,.432,0,0,,0,3,3,6,2,0,5,2,19,10.3,.432,.364,.000,0.0,9.1,4.7,28.8,2.8,0.0,18.5,33.0,,-0.1,0.0,-0.1,-0.075,,-4.6,-3.2,-7.7,-0.1
Dana Barros,PG,33,DET,60,0,1079,183,412,.444,44,105,.419,139,307,.453,.498,68,80,.850,6,88,94,110,30,2,60,63,478,14.3,.534,.255,.194,0.6,8.9,4.7,18.0,1.4,0.1,11.8,20.4,,1.4,0.8,2.3,.101,,0.1,-0.4,-0.3,0.5
Brent Barry,SG,29,SEA,67,20,1778,198,401,.494,109,229,.476,89,172,.517,.630,84,103,.816,33,178,211,225,80,14,86,126,589,16.6,.660,.571,.257,2.1,11.4,6.8,19.4,2.4,0.6,16.2,13.5,,4.6,1.2,5.8,.157,,2.3,0.9,3.3,2.4
Jon Barry,SG,31,SAC,62,2,1010,103,255,.404,46,132,.348,57,123,.463,.494,64,73,.877,16,78,94,130,28,6,53,66,316,12.4,.550,.518,.286,1.8,8.1,5.0,19.0,1.4,0.4,15.6,14.9,,1.5,0.9,2.4,.114,,-0.1,0.1,0.1,0.5
Tony Battie,C,24,BOS,40,25,845,108,201,.537,0,3,.000,108,198,.545,.537,44,69,.638,73,160,233,16,27,60,37,126,260,15.2,.562,.015,.343,9.7,23.1,16.1,3.3,1.7,5.4,13.8,14.4,,1.0,1.3,2.3,.131,,-1.7,1.0,-0.7,0.3
Raja Bell,SG,24,PHI,5,0,30,2,7,.286,1,3,.333,1,4,.250,.357,0,0,,0,1,1,0,1,0,2,1,5,-0.6,.357,.429,.000,0.0,3.7,1.9,0.0,1.8,0.0,22.2,13.6,,-0.1,0.0,-0.1,-0.091,,-7.2,-2.2,-9.4,-0.1
Jonathan Bender,SF,20,IND,59,7,574,66,186,.355,11,41,.268,55,145,.379,.384,50,68,.735,14,60,74,32,7,28,42,73,193,7.6,.447,.220,.366,2.9,11.5,7.3,9.4,0.7,3.5,16.3,21.0,,-0.7,0.5,-0.1,-0.012,,-4.4,-0.3,-4.7,-0.4
Corey Benjamin,PG,22,CHI,65,5,857,115,302,.381,21,81,.259,94,221,.425,.416,56,83,.675,38,62,100,69,28,16,63,128,307,8.8,.453,.268,.275,5.1,8.9,6.9,14.6,1.8,1.4,15.7,21.8,,-0.8,0.3,-0.5,-0.028,,-3.5,-1.6,-5.1,-0.7
David Benoit,SF,32,UTA,49,2,446,71,147,.483,5,13,.385,66,134,.493,.500,31,39,.795,20,61,81,22,6,6,28,75,178,11.1,.542,.088,.265,5.7,16.6,11.3,8.4,0.7,1.1,14.6,19.8,,0.4,0.4,0.7,.080,,-2.8,-1.2,-4.0,-0.2
Travis Best,PG,28,IND,77,21,2457,347,788,.440,37,97,.381,310,691,.449,.464,187,226,.827,38,184,222,473,110,11,127,246,918,16.7,.517,.123,.287,1.8,8.2,5.1,34.0,2.4,0.3,12.5,19.3,,4.8,2.3,7.2,.140,,0.8,0.6,1.4,2.1
Mike Bibby,PG,22,VAN,82,82,3190,525,1157,.454,108,285,.379,417,872,.478,.500,143,188,.761,47,257,304,685,107,12,248,148,1301,16.8,.525,.246,.162,1.7,9.2,5.5,38.3,1.8,0.3,16.7,21.3,,4.0,1.4,5.3,.081,,2.0,-1.2,0.7,2.2
Chauncey Billups,SG,24,MIN,77,33,1790,248,587,.422,73,194,.376,175,393,.445,.485,144,171,.842,32,126,158,260,51,11,111,178,713,14.1,.538,.330,.291,2.0,8.1,5.0,22.2,1.5,0.4,14.4,19.5,,2.7,0.9,3.7,.098,,0.4,-0.9,-0.5,0.7
Mookie Blaylock,PG,33,GSW,69,59,2352,317,801,.396,73,225,.324,244,576,.424,.441,53,76,.697,71,201,272,462,163,20,128,134,760,15.8,.455,.281,.095,3.0,9.9,6.1,32.3,3.5,0.6,13.3,17.3,,1.9,1.6,3.5,.071,,0.2,1.0,1.2,1.9
Corie Blount,PF,32,TOT,68,6,1305,130,294,.442,2,8,.250,128,286,.448,.446,51,83,.614,181,219,400,59,42,22,73,165,313,11.8,.473,.027,.282,13.9,19.4,16.5,7.1,1.6,1.2,18.1,13.2,,0.5,1.2,1.8,.065,,-2.6,-0.9,-3.5,-0.5
Mark Blount,C,25,BOS,64,50,1098,101,200,.505,0,0,,101,200,.505,.505,46,66,.697,97,134,231,32,39,76,62,183,248,11.1,.541,.000,.330,9.9,14.9,12.3,4.8,1.8,5.3,21.3,12.0,,0.5,1.4,1.9,.084,,-4.2,1.1,-3.1,-0.3
Muggsy Bogues,PG,36,TOR,3,0,34,0,2,.000,0,1,.000,0,1,.000,.000,0,0,,0,3,3,5,2,0,4,3,0,-0.5,.000,.500,.000,0.0,10.2,5.0,19.3,3.1,0.0,66.7,7.9,,-0.1,0.0,-0.1,-0.128,,-8.9,1.7,-7.2,0.0
Etdrick Bohannon,PF,27,CLE,6,0,19,2,4,.500,0,0,,2,4,.500,.500,4,4,1.000,3,4,7,0,0,2,1,4,8,22.4,.694,.000,1.000,18.3,24.3,21.3,0.0,0.0,7.7,14.8,16.1,,0.1,0.0,0.1,.276,,1.0,0.7,1.7,0.0
Calvin Booth,C,24,TOT,55,29,933,120,252,.476,0,0,,120,252,.476,.476,53,78,.679,77,169,246,42,29,111,53,146,293,16.1,.512,.000,.310,9.5,21.1,15.2,7.4,1.6,8.5,15.6,16.3,,0.6,1.4,2.1,.106,,-1.9,2.7,0.7,0.6
Cal Bowdler,SF,23,ATL,44,0,375,53,114,.465,1,5,.200,52,109,.477,.469,33,40,.825,30,47,77,4,10,21,11,45,140,15.8,.532,.044,.351,8.9,14.1,11.4,1.8,1.4,4.0,7.7,17.0,,0.7,0.4,1.0,.134,,-0.6,-0.3,-0.9,0.1
Bruce Bowen,SF,29,MIA,82,72,2685,211,581,.363,103,307,.336,108,274,.394,.452,98,161,.609,45,200,245,132,83,53,74,269,623,8.1,.478,.528,.277,2.0,8.8,5.4,8.2,1.7,1.5,10.2,13.1,,0.5,3.7,4.2,.075,,-2.6,1.5,-1.1,0.6
Ryan Bowen,SF,25,DEN,57,0,696,80,144,.556,4,11,.364,76,133,.571,.569,27,44,.614,62,51,113,30,37,12,24,95,191,13.3,.585,.076,.306,9.6,8.1,8.8,6.8,2.8,1.2,12.8,12.0,,1.2,0.4,1.7,.114,,-1.1,1.3,0.1,0.4
Ira Bowman,PG,27,ATL,3,0,19,0,2,.000,0,0,,0,2,.000,.000,0,0,,1,1,2,7,0,0,1,0,0,9.2,.000,.000,.000,5.8,5.9,5.9,50.5,0.0,0.0,33.3,7.1,,0.0,0.0,0.0,-0.024,,0.0,-1.7,-1.7,0.0
Earl Boykins,PG,24,LAC,10,0,149,25,63,.397,1,8,.125,24,55,.436,.405,14,17,.824,4,7,11,32,5,0,9,9,65,17.2,.461,.127,.270,3.2,5.2,4.2,38.7,1.8,0.0,11.3,24.7,,0.2,0.1,0.3,.089,,1.3,-1.1,0.2,0.1
Shawn Bradley,C,28,DAL,82,35,2001,219,447,.490,1,6,.167,218,441,.494,.491,140,178,.787,160,448,608,38,36,228,88,256,579,16.2,.551,.013,.398,9.2,24.4,17.0,2.8,0.9,8.1,14.3,13.9,,2.5,3.8,6.3,.151,,-1.0,2.5,1.6,1.8
Elton Brand,PF,21,CHI,74,74,2906,578,1215,.476,0,2,.000,578,1213,.477,.476,334,472,.708,285,461,746,240,71,118,219,243,1490,20.4,.524,.002,.388,11.2,19.6,15.2,17.0,1.3,3.0,13.3,26.3,,4.1,2.0,6.1,.101,,2.2,-1.2,1.1,2.2
Terrell Brandon,PG,30,MIN,78,78,2821,511,1134,.451,33,91,.363,478,1043,.458,.465,195,224,.871,60,238,298,583,161,21,155,138,1250,20.0,.507,.080,.198,2.4,9.7,6.0,33.7,3.0,0.5,11.2,22.2,,5.8,2.7,8.5,.145,,2.6,0.5,3.1,3.6
Chucky Brown,SF,32,TOT,26,2,339,40,95,.421,0,3,.000,40,92,.435,.421,22,34,.647,8,46,54,11,9,7,8,37,102,9.7,.464,.032,.358,2.6,15.7,9.0,5.3,1.4,1.5,6.8,15.5,,0.1,0.2,0.4,.050,,-2.9,-0.5,-3.5,-0.1
Dee Brown,PG,32,ORL,7,0,155,16,44,.364,12,32,.375,4,12,.333,.500,4,5,.800,0,11,11,12,4,0,7,10,48,9.0,.519,.727,.114,0.0,8.1,3.9,11.9,1.3,0.0,13.2,15.2,,0.1,0.1,0.2,.059,,-1.4,-1.0,-2.4,0.0
P.J. Brown,C,31,CHH,80,79,2811,249,561,.444,0,4,.000,249,557,.447,.444,178,209,.852,257,485,742,127,78,92,108,260,676,13.3,.518,.007,.373,10.5,19.6,15.1,7.3,1.5,2.4,14.2,12.5,,3.4,4.7,8.0,.137,,-1.3,0.9,-0.4,1.1
Randy Brown,PG,32,BOS,54,35,1238,100,237,.422,0,3,.000,100,234,.427,.422,23,40,.575,23,76,99,154,62,10,56,132,223,8.2,.438,.013,.169,2.1,7.5,4.7,20.1,2.6,0.6,18.0,11.4,,-0.1,1.0,0.9,.034,,-4.2,1.1,-3.1,-0.3
Rick Brunson,PG,28,TOT,22,0,208,18,54,.333,2,14,.143,16,40,.400,.352,8,15,.533,5,16,21,31,8,1,17,21,46,6.3,.380,.259,.278,2.9,9.2,6.0,24.2,2.0,0.4,21.9,17.4,,-0.4,0.2,-0.2,-0.039,,-4.9,-0.2,-5.1,-0.2
Kobe Bryant,SG,22,LAL,68,68,2783,701,1510,.464,61,200,.305,640,1310,.489,.484,475,557,.853,104,295,399,338,114,43,220,222,1938,24.5,.552,.132,.369,4.3,11.8,8.1,23.0,2.1,1.1,11.1,31.8,,9.2,2.2,11.3,.196,,5.1,-0.3,4.8,4.7
Mark Bryant,PF,35,DAL,18,1,101,8,20,.400,0,0,,8,20,.400,.400,3,5,.600,4,17,21,3,1,2,5,29,19,2.1,.428,.000,.250,4.5,18.3,11.6,4.2,0.5,1.4,18.4,12.2,,-0.1,0.1,0.0,.005,,-9.0,-0.2,-9.2,-0.2
Greg Buckner,SG,24,DAL,37,9,820,84,192,.438,2,7,.286,82,185,.443,.443,59,81,.728,60,97,157,49,33,9,27,118,229,12.1,.503,.036,.422,8.4,12.9,10.7,8.8,2.1,0.8,10.6,14.1,,1.1,0.9,2.0,.118,,-1.2,0.7,-0.5,0.3
Jud Buechler,SF,32,DET,57,3,737,76,164,.463,32,77,.416,44,87,.506,.561,9,12,.750,20,74,94,39,21,10,25,83,193,9.9,.570,.470,.073,2.9,11.0,6.8,8.4,1.4,1.0,12.9,11.4,,0.8,0.7,1.5,.098,,-1.8,0.9,-0.9,0.2
Rodney Buford,SF,23,PHI,47,0,573,104,241,.432,16,38,.421,88,203,.433,.465,24,29,.828,16,58,74,17,17,6,29,68,248,11.3,.489,.158,.120,3.2,11.2,7.3,5.4,1.6,0.8,10.3,22.3,,0.1,0.7,0.8,.071,,-2.5,-0.5,-2.9,-0.1
Matt Bullard,PF,33,HOU,61,5,1000,129,305,.423,86,213,.404,43,92,.467,.564,10,14,.714,22,108,130,42,10,9,12,76,354,13.0,.569,.698,.046,2.6,12.2,7.5,6.9,0.5,0.6,3.7,14.9,,2.2,0.4,2.6,.125,,2.5,-1.0,1.5,0.9
Scott Burrell,SF,30,CHH,4,0,41,7,15,.467,2,6,.333,5,9,.556,.533,1,4,.250,1,2,3,1,3,0,0,8,17,12.8,.507,.400,.267,2.8,5.5,4.2,4.6,3.9,0.0,0.0,18.8,,0.1,0.1,0.1,.135,,-2.5,2.2,-0.2,0.0
Jason Caffey,PF,27,MIL,70,33,1460,179,367,.488,0,0,,179,367,.488,.488,142,211,.673,135,218,353,53,38,25,77,184,500,13.7,.544,.000,.575,10.6,16.8,13.7,5.5,1.4,1.3,14.3,16.6,,2.3,1.2,3.5,.114,,-1.2,-1.0,-2.2,-0.1
Marcus Camby,C,26,NYK,63,63,2127,304,580,.524,1,8,.125,303,572,.530,.525,150,225,.667,196,527,723,52,66,136,63,205,759,20.9,.559,.014,.388,11.5,29.0,20.5,4.5,1.7,5.2,8.5,17.0,,4.8,5.5,10.3,.233,,2.0,2.5,4.6,3.5
Elden Campbell,PF,32,CHH,78,78,2337,367,834,.440,0,6,.000,367,828,.443,.440,288,406,.709,157,451,608,104,60,140,144,280,1022,16.4,.505,.007,.487,7.7,21.9,14.8,8.1,1.4,4.4,12.4,22.8,,1.9,4.5,6.4,.131,,-1.5,1.1,-0.4,1.0
Brian Cardinal,PF,23,DET,15,0,126,10,31,.323,0,5,.000,10,26,.385,.323,11,18,.611,8,15,23,3,7,2,9,27,31,4.7,.398,.161,.581,6.7,13.0,9.8,3.6,2.8,1.1,18.8,16.5,,-0.2,0.2,0.0,-0.009,,-7.7,1.4,-6.3,-0.1
Chris Carr,SG,26,BOS,35,0,309,53,112,.473,17,37,.459,36,75,.480,.549,46,60,.767,11,33,44,11,4,3,19,45,169,16.3,.611,.330,.536,4.0,13.0,8.3,6.7,0.7,0.7,12.1,23.1,,0.8,0.2,0.9,.142,,0.6,-1.9,-1.3,0.1
Anthony Carter,PG,25,MIA,72,6,1630,195,480,.406,6,40,.150,189,440,.430,.413,65,103,.631,46,134,180,268,73,10,119,154,461,11.3,.439,.083,.215,3.4,9.8,6.6,29.5,2.5,0.5,18.5,19.2,,-0.8,2.5,1.7,.050,,-3.0,1.1,-1.9,0.0
Vince Carter,SF,24,TOR,75,75,2979,762,1656,.460,162,397,.408,600,1259,.477,.509,384,502,.765,176,240,416,291,114,82,167,205,2070,25.0,.551,.240,.303,6.5,9.3,7.9,19.2,2.0,1.9,8.2,30.7,,10.3,2.6,12.9,.208,,7.6,0.1,7.6,7.2
Sam Cassell,PG,31,MIL,76,75,2709,537,1132,.474,30,98,.306,507,1034,.490,.488,277,323,.858,46,244,290,580,88,8,220,214,1381,20.1,.542,.087,.285,1.9,10.1,6.1,36.4,1.7,0.2,14.7,24.9,,7.0,1.4,8.5,.150,,2.5,-1.5,1.1,2.1
Kelvin Cato,C,26,HOU,35,13,624,64,111,.577,0,0,,64,111,.577,.577,37,57,.649,47,94,141,11,13,31,25,89,165,13.0,.606,.000,.514,8.9,17.0,13.1,2.8,1.1,3.4,15.5,11.9,,1.0,0.7,1.7,.128,,-2.0,0.8,-1.2,0.1
Duane Causwell,C,32,MIA,31,14,384,32,85,.376,0,0,,32,85,.376,.376,12,25,.480,23,60,83,5,8,18,23,67,76,4.8,.396,.000,.294,7.1,18.6,12.8,2.2,1.1,3.6,19.3,15.0,,-0.7,0.7,0.0,.002,,-7.5,0.8,-6.7,-0.5
Cedric Ceballos,SF,31,TOT,40,0,559,101,229,.441,22,73,.301,79,156,.506,.489,37,43,.860,34,72,106,20,16,7,32,61,261,15.4,.526,.319,.188,7.1,15.0,11.0,6.9,1.5,0.9,11.4,23.5,,0.5,0.8,1.3,.114,,0.0,-0.5,-0.5,0.2
Calbert Cheaney,SG,29,DEN,9,5,153,10,30,.333,0,0,,10,30,.333,.333,1,2,.500,5,15,20,9,4,2,5,14,21,4.1,.340,.000,.067,3.5,10.8,7.1,8.6,1.4,0.9,13.9,10.5,,-0.2,0.1,-0.1,-0.035,,-5.6,0.0,-5.6,-0.1
Chris Childs,PG,33,TOT,77,5,1859,135,335,.403,32,106,.302,103,229,.450,.451,60,71,.845,24,178,202,355,59,15,156,242,362,9.0,.494,.316,.212,1.5,11.2,6.4,29.8,1.7,0.6,29.9,13.3,,-0.2,2.3,2.2,.057,,-3.4,0.8,-2.6,-0.3
Doug Christie,SG,30,SAC,81,81,2939,311,788,.395,94,250,.376,217,538,.403,.454,280,312,.897,95,260,355,289,183,45,154,224,996,14.8,.538,.317,.396,3.6,9.3,6.5,14.6,3.2,1.0,14.3,16.2,,4.3,4.4,8.7,.141,,0.0,2.3,2.3,3.2
Keon Clark,PF,25,TOT,81,3,1720,249,519,.480,0,1,.000,249,518,.481,.480,142,240,.592,136,298,434,72,32,154,90,244,640,15.6,.512,.002,.462,8.6,19.6,14.0,6.8,1.0,6.3,12.6,18.6,,1.5,2.2,3.7,.104,,-2.1,1.0,-1.1,0.4
Mateen Cleaves,PG,23,DET,78,8,1268,160,400,.400,5,17,.294,155,383,.405,.406,97,137,.708,26,106,132,207,49,1,139,153,422,9.0,.458,.043,.343,2.2,9.1,5.6,26.8,2.0,0.1,23.2,20.5,,-1.3,1.2,-0.1,-0.006,,-4.5,-0.7,-5.2,-1.0
John Coker,C,29,GSW,6,0,32,1,8,.125,0,0,,1,8,.125,.125,0,0,,3,2,5,2,1,0,2,4,2,-2.8,.125,.000,.000,9.2,7.2,8.3,8.8,1.6,0.0,20.0,13.2,,-0.1,0.0,-0.1,-0.192,,-8.8,-4.0,-12.9,-0.1
Derrick Coleman,PF,33,CHH,34,3,683,97,255,.380,20,51,.392,77,204,.377,.420,63,92,.685,46,138,184,39,10,21,42,53,277,13.8,.469,.200,.361,7.7,23.0,15.4,10.2,0.8,2.3,12.4,22.8,,0.1,1.1,1.2,.082,,-0.5,-0.5,-0.9,0.2
Bimbo Coles,PG,32,CLE,47,0,804,91,239,.381,2,16,.125,89,223,.399,.385,48,56,.857,9,39,48,138,27,6,59,87,232,9.3,.440,.067,.234,1.3,5.6,3.5,27.9,1.8,0.5,18.3,18.1,,-0.3,0.3,0.0,.000,,-3.3,-1.5,-4.8,-0.6
Jason Collier,C,23,HOU,23,0,222,27,71,.380,0,1,.000,27,70,.386,.380,17,24,.708,12,25,37,6,2,3,11,27,71,7.4,.435,.014,.338,6.4,12.7,9.6,4.4,0.5,0.9,11.9,19.2,,-0.1,0.1,0.0,-0.001,,-4.5,-2.0,-6.5,-0.2
Sean Colson,PG,25,TOT,13,0,44,6,24,.250,1,5,.200,5,19,.263,.271,2,4,.500,2,4,6,10,1,0,2,6,15,6.8,.291,.208,.167,5.4,10.2,7.7,38.7,1.2,0.0,7.2,28.8,,-0.1,0.0,-0.1,-0.106,,-5.7,-3.2,-8.9,-0.1
Tyrone Corbin,SF,38,TOR,15,1,117,9,38,.237,0,5,.000,9,33,.273,.237,2,4,.500,3,10,13,4,2,0,3,18,20,-2.2,.252,.132,.105,2.8,9.9,6.3,5.0,0.9,0.0,7.0,16.3,,-0.4,0.1,-0.3,-0.126,,-9.8,-3.1,-12.9,-0.3
Chris Crawford,PF,25,ATL,47,22,901,122,270,.452,6,22,.273,116,248,.468,.463,68,83,.819,28,82,110,37,21,16,62,117,318,9.5,.519,.081,.307,3.4,10.2,6.8,6.9,1.2,1.3,16.8,18.3,,0.1,0.5,0.6,.031,,-3.5,-0.9,-4.5,-0.6
Jamal Crawford,PG,20,CHI,61,8,1050,107,304,.352,41,117,.350,66,187,.353,.419,27,34,.794,9,80,89,141,43,14,85,68,282,8.5,.442,.385,.112,1.0,9.4,5.0,23.0,2.2,1.0,21.0,17.9,,-1.3,0.4,-0.9,-0.043,,-2.9,-1.5,-4.4,-0.6
Austin Croshere,PF,25,IND,81,23,1874,276,701,.394,70,207,.338,206,494,.417,.444,200,231,.866,123,264,387,92,36,50,136,180,822,14.3,.512,.295,.330,7.7,15.5,11.7,8.8,1.0,1.9,14.5,23.4,,1.2,2.0,3.2,.082,,-0.1,-1.0,-1.2,0.4
John Crotty,PG,31,UTA,31,0,264,22,65,.338,4,7,.571,18,58,.310,.369,17,19,.895,13,15,28,34,6,0,19,32,65,7.2,.443,.108,.292,6.2,6.9,6.6,19.4,1.2,0.0,20.6,16.1,,0.0,0.1,0.1,.019,,-3.3,-1.8,-5.2,-0.2
Vonteego Cummings,PG,24,GSW,66,11,1495,178,517,.344,48,143,.336,130,374,.348,.391,79,116,.681,47,90,137,227,67,14,91,160,483,10.4,.425,.277,.224,3.1,7.0,4.9,24.4,2.3,0.7,13.8,18.6,,-0.2,0.4,0.2,.007,,-2.6,-0.8,-3.4,-0.5
Bill Curley,PF,28,TOT,20,2,192,25,47,.532,1,2,.500,24,45,.533,.543,12,19,.632,21,16,37,3,7,9,16,45,63,10.5,.569,.043,.404,10.7,9.6,10.2,2.6,1.9,3.3,22.4,15.8,,0.0,0.1,0.2,.038,,-5.0,-0.2,-5.2,-0.2
Dell Curry,SG,36,TOR,71,1,956,162,382,.424,62,145,.428,100,237,.422,.505,43,51,.843,16,69,85,75,27,8,39,66,429,14.4,.530,.380,.134,1.8,8.3,5.0,13.2,1.5,0.6,8.8,20.7,,1.5,0.5,2.0,.101,,1.2,-0.8,0.3,0.6
Michael Curry,SG,32,DET,68,58,1485,145,319,.455,4,9,.444,141,310,.455,.461,62,73,.849,21,100,121,132,27,3,61,173,356,7.5,.507,.028,.229,1.5,7.4,4.4,13.9,0.9,0.1,14.8,12.0,,0.8,0.9,1.7,.055,,-4.2,0.0,-4.3,-0.9
Erick Dampier,C,25,GSW,43,26,1038,126,314,.401,0,2,.000,126,312,.404,.401,67,126,.532,97,153,250,59,17,58,82,123,319,10.0,.432,.006,.401,9.2,17.0,12.8,9.2,0.8,4.0,18.2,18.4,,-1.0,0.6,-0.5,-0.021,,-4.4,-0.8,-5.2,-0.8
Antonio Daniels,PG,25,SAS,79,23,2060,275,588,.468,74,183,.404,201,405,.496,.531,121,156,.776,26,137,163,304,61,14,109,120,745,15.5,.567,.311,.265,1.5,7.2,4.5,24.9,1.6,0.5,14.2,17.5,,4.1,2.4,6.6,.153,,1.3,0.4,1.7,1.9
Kornél Dávid,SF,29,TOT,27,0,209,25,51,.490,0,0,,25,51,.490,.490,12,13,.923,15,37,52,7,6,4,11,28,62,12.0,.547,.000,.255,7.8,20.1,13.8,5.3,1.5,1.3,16.2,14.3,,0.2,0.2,0.4,.102,,-2.5,0.5,-2.0,0.0
Antonio Davis,C,32,TOR,78,77,2729,375,866,.433,0,1,.000,375,865,.434,.433,319,423,.754,274,513,787,106,22,151,135,230,1069,16.5,.508,.001,.488,11.0,21.7,16.2,6.2,0.4,3.9,11.4,19.5,,4.2,3.1,7.2,.127,,-0.3,-0.8,-1.1,0.6
Baron Davis,PG,21,CHH,82,82,3192,409,957,.427,85,274,.310,324,683,.474,.472,228,337,.677,129,279,408,598,170,36,226,267,1131,16.6,.512,.286,.352,4.6,9.9,7.3,32.5,2.9,0.8,17.0,19.2,,4.2,4.7,8.9,.134,,1.0,1.4,2.4,3.6
Dale Davis,C,31,POR,81,43,2162,242,487,.497,0,4,.000,242,483,.501,.497,96,152,.632,233,373,606,103,44,76,67,199,580,15.1,.524,.008,.312,13.3,19.9,16.7,7.4,1.1,2.6,10.8,13.4,,3.8,2.8,6.6,.147,,0.3,-0.1,0.2,1.2
Emanual Davis,SG,32,SEA,62,39,1290,133,318,.418,50,127,.394,83,191,.435,.497,45,55,.818,28,126,154,137,64,12,77,101,361,11.8,.527,.399,.173,2.5,11.2,6.9,16.1,2.6,0.7,18.4,14.7,,0.9,0.9,1.8,.067,,-1.0,0.7,-0.4,0.5
Hubert Davis,PG,30,TOT,66,18,1692,196,433,.453,78,171,.456,118,262,.450,.543,54,62,.871,28,111,139,110,35,1,81,121,524,10.0,.569,.395,.143,1.9,7.3,4.6,10.3,1.1,0.0,15.0,14.5,,1.6,0.6,2.2,.062,,-0.6,-1.1,-1.7,0.1
Ricky Davis,SG,21,MIA,7,0,70,12,29,.414,1,1,1.000,11,28,.393,.431,7,8,.875,1,6,7,11,5,2,5,7,32,18.9,.492,.034,.276,1.7,10.2,5.9,31.0,3.9,2.2,13.3,26.0,,0.1,0.1,0.2,.139,,-0.2,3.3,3.0,0.1
Terry Davis,PF,33,DEN,19,1,228,12,25,.480,0,0,,12,25,.480,.480,9,22,.409,24,29,53,7,1,1,5,34,33,6.7,.476,.000,.880,11.3,14.0,12.6,4.4,0.2,0.3,12.6,7.8,,0.2,0.0,0.2,.051,,-3.7,-1.8,-5.6,-0.2
Todd Day,SG,31,MIN,31,0,345,44,118,.373,26,69,.377,18,49,.367,.483,18,23,.783,10,27,37,28,10,7,24,52,132,10.1,.515,.585,.195,3.3,9.0,6.1,12.2,1.5,1.4,15.8,19.9,,0.1,0.2,0.3,.048,,-1.3,-0.9,-2.1,0.0
Andrew DeClercq,C,27,ORL,67,51,903,107,193,.554,0,0,,107,193,.554,.554,47,82,.573,91,145,236,32,41,33,51,198,261,12.8,.570,.000,.425,10.9,18.3,14.5,5.6,2.3,2.7,18.2,13.7,,1.0,1.4,2.5,.132,,-3.4,1.2,-2.2,0.0
Vinny Del Negro,PG,34,TOT,65,1,922,106,234,.453,1,13,.077,105,221,.475,.455,41,44,.932,12,70,82,126,26,3,34,78,254,11.3,.501,.056,.188,1.4,8.8,4.9,21.7,1.5,0.2,11.8,13.6,,1.0,0.6,1.6,.085,,-2.2,0.4,-1.8,0.0
Tony Delk,SG,27,PHO,82,11,2288,383,923,.415,54,168,.321,329,755,.436,.444,185,235,.787,76,185,261,160,75,17,101,171,1005,13.4,.490,.182,.255,3.7,9.3,6.5,12.1,1.7,0.5,9.0,22.0,,1.7,2.9,4.6,.096,,-0.7,0.1,-0.6,0.8
Derrick Dial,SG,25,SAS,33,0,207,36,83,.434,2,10,.200,34,73,.466,.446,12,21,.571,12,26,38,21,4,6,12,22,86,14.3,.466,.120,.253,6.9,13.5,10.4,18.3,1.0,2.0,11.5,23.7,,0.1,0.3,0.4,.091,,-1.5,0.0,-1.5,0.0
Michael Dickerson,SG,25,VAN,70,69,2618,425,1020,.417,86,230,.374,339,790,.429,.459,206,270,.763,70,159,229,233,62,27,162,207,1142,12.4,.501,.225,.265,3.1,6.9,5.0,15.8,1.2,0.7,12.5,22.7,,1.2,0.7,1.8,.034,,-0.7,-1.5,-2.2,-0.2
Vlade Divac,C,32,SAC,81,81,2420,364,755,.482,4,14,.286,360,741,.486,.485,242,350,.691,207,466,673,231,87,93,192,242,974,17.7,.536,.019,.464,9.5,20.2,15.0,15.2,1.8,2.6,17.4,20.1,,3.1,4.3,7.4,.147,,0.3,1.6,1.9,2.4
Michael Doleac,C,23,ORL,77,21,1398,220,527,.417,0,3,.000,220,524,.420,.417,50,59,.847,70,203,273,65,37,41,59,239,490,9.9,.443,.006,.112,5.4,16.5,10.8,7.8,1.4,2.2,9.6,19.4,,-0.2,1.7,1.5,.050,,-4.4,0.1,-4.3,-0.8
Keyon Dooling,PG,20,LAC,76,1,1237,148,362,.409,28,80,.350,120,282,.426,.448,125,179,.698,8,81,89,177,41,11,94,107,449,12.6,.509,.221,.494,0.8,7.3,4.1,23.7,1.8,0.6,17.6,20.0,,0.8,0.7,1.4,.056,,-1.5,-0.9,-2.5,-0.2
Sherman Douglas,PG,34,NJN,59,7,1094,122,303,.403,8,40,.200,114,263,.433,.416,86,115,.748,21,53,74,144,36,4,79,93,338,9.9,.478,.132,.380,2.1,5.7,3.9,22.2,1.7,0.3,18.3,17.9,,-0.1,0.3,0.2,.007,,-2.5,-1.4,-3.9,-0.5
Bryce Drew,PG,26,CHI,48,41,1305,124,327,.379,40,105,.381,84,222,.378,.440,14,19,.737,12,57,69,185,32,3,68,99,302,7.9,.450,.321,.058,1.1,5.4,3.1,24.0,1.3,0.2,16.9,14.4,,-0.3,-0.1,-0.4,-0.015,,-2.9,-2.1,-4.9,-1.0
Chris Dudley,C,35,PHO,53,33,613,29,73,.397,0,0,,29,73,.397,.397,14,36,.389,64,119,183,18,14,29,26,111,72,7.2,.405,.000,.493,11.6,22.4,16.9,4.2,1.2,3.4,22.6,8.4,,-0.2,1.2,1.0,.079,,-5.4,1.2,-4.2,-0.3
Tim Duncan,PF,24,SAS,82,82,3174,702,1406,.499,7,27,.259,695,1379,.504,.502,409,662,.618,259,738,997,245,70,192,242,247,1820,23.8,.536,.019,.471,9.7,25.1,17.8,15.3,1.2,4.2,12.5,28.7,,6.2,7.1,13.2,.200,,2.9,1.8,4.7,5.4
Tyus Edney,PG,27,IND,24,0,263,35,91,.385,1,6,.167,34,85,.400,.390,35,39,.897,5,19,24,54,17,0,25,17,106,16.6,.490,.066,.429,2.2,7.9,5.2,35.7,3.5,0.0,18.8,23.6,,0.2,0.3,0.5,.088,,-0.7,0.1,-0.6,0.1
Kevin Edwards,SG,35,VAN,46,5,634,56,170,.329,5,19,.263,51,151,.338,.344,43,53,.811,23,59,82,52,29,8,37,46,160,8.3,.414,.112,.312,4.2,10.6,7.4,12.9,2.4,0.9,16.1,16.6,,-0.6,0.5,-0.1,-0.011,,-3.7,0.5,-3.2,-0.2
Howard Eisley,SG,28,DAL,82,40,2426,265,675,.393,107,269,.398,158,406,.389,.472,104,126,.825,23,174,197,295,99,12,102,218,741,11.7,.507,.399,.187,1.1,7.8,4.5,18.2,2.1,0.4,12.3,15.6,,2.4,2.0,4.4,.087,,-0.5,0.6,0.0,1.2
Obinna Ekezie,PF,25,TOT,33,0,281,32,81,.395,0,0,,32,81,.395,.395,37,53,.698,31,47,78,9,5,5,14,48,101,12.4,.484,.000,.654,12.7,19.9,16.2,5.3,0.9,1.3,11.8,18.8,,0.3,0.1,0.4,.072,,-2.5,-1.7,-4.2,-0.2
Khalid El-Amin,PG,21,CHI,50,14,936,115,311,.370,28,84,.333,87,227,.383,.415,56,72,.778,21,60,81,145,48,2,54,99,314,12.2,.458,.270,.232,2.6,7.9,5.1,27.5,2.8,0.2,13.6,19.7,,0.2,0.4,0.6,.030,,-1.7,-0.7,-2.4,-0.1
Mario Elie,SG,37,PHO,68,67,1506,104,246,.423,36,100,.360,68,146,.466,.496,55,69,.797,38,117,155,131,58,12,60,112,299,9.3,.541,.407,.280,2.8,9.0,5.8,12.9,2.0,0.6,17.8,10.0,,1.1,2.0,3.1,.097,,-2.2,2.0,-0.2,0.7
Sean Elliott,SF,32,SAS,52,34,1229,147,339,.434,55,129,.426,92,210,.438,.515,60,84,.714,17,153,170,81,23,25,51,80,409,12.4,.544,.381,.248,1.6,13.4,7.8,10.8,1.0,1.4,11.9,16.3,,1.3,1.7,3.0,.118,,0.6,1.1,1.7,1.2
LaPhonso Ellis,PF,30,MIN,82,5,1948,298,642,.464,7,22,.318,291,620,.469,.470,169,214,.790,199,295,494,93,67,74,108,290,772,16.0,.524,.034,.333,11.6,17.5,14.5,7.5,1.8,2.7,12.8,19.6,,2.9,2.3,5.2,.127,,-0.9,-0.3,-1.2,0.4
Pervis Ellison,C,33,SEA,9,0,40,2,7,.286,0,0,,2,7,.286,.286,2,2,1.000,2,10,12,3,0,2,3,13,6,2.4,.381,.000,.286,5.8,28.6,17.2,10.5,0.0,3.6,27.6,12.3,,-0.1,0.0,0.0,-0.013,,-9.0,1.5,-7.5,-0.1
Evan Eschmeyer,C,25,NJN,74,51,1331,92,200,.460,0,0,,92,200,.460,.460,67,102,.657,135,231,366,40,41,58,53,220,251,10.8,.512,.000,.510,11.3,20.5,15.8,4.7,1.6,3.3,17.8,10.1,,1.1,1.5,2.5,.091,,-3.0,0.4,-2.6,-0.2
Patrick Ewing,C,38,SEA,79,79,2107,294,684,.430,0,2,.000,294,682,.431,.430,172,251,.685,124,461,585,92,53,91,151,229,760,12.9,.478,.003,.367,6.8,25.0,15.9,7.0,1.3,3.1,16.0,20.3,,-0.5,2.5,2.0,.046,,-2.9,-0.2,-3.2,-0.6
Jamie Feick,C,26,NJN,6,0,149,8,23,.348,0,0,,8,23,.348,.348,6,12,.500,12,44,56,5,8,3,7,15,22,10.2,.389,.000,.522,9.0,34.9,21.6,5.2,2.8,1.5,19.8,10.7,,-0.1,0.3,0.2,.050,,-2.3,0.5,-1.8,0.0
Danny Ferry,SF,34,SAS,80,29,1688,178,375,.475,70,156,.449,108,219,.493,.568,22,30,.733,55,168,223,71,28,21,50,169,448,10.1,.577,.416,.080,3.9,10.7,7.5,6.8,0.9,0.9,11.4,12.2,,2.1,2.0,4.1,.117,,-0.6,0.6,0.0,0.8
Michael Finley,SF,27,DAL,82,82,3443,711,1552,.458,91,263,.346,620,1289,.481,.487,252,325,.775,109,316,425,360,118,32,190,174,1765,18.2,.521,.169,.209,3.6,10.0,6.9,18.3,1.8,0.7,10.1,24.9,,5.6,2.9,8.5,.119,,2.4,-0.5,1.9,3.4
Derek Fisher,PG,26,LAL,20,20,709,77,187,.412,25,63,.397,52,124,.419,.479,50,62,.806,5,54,59,87,39,2,29,50,229,14.0,.534,.337,.332,0.8,8.5,4.7,18.3,2.9,0.2,11.9,15.4,,1.2,0.5,1.8,.119,,-0.6,0.8,0.2,0.4
Marcus Fizer,PF,22,CHI,72,13,1580,278,646,.430,10,39,.256,268,607,.442,.438,117,161,.727,76,237,313,76,30,19,124,175,683,11.0,.476,.060,.249,5.5,18.5,11.8,9.4,1.0,0.9,14.7,24.7,,-1.3,0.6,-0.7,-0.022,,-3.3,-2.8,-6.1,-1.6
Danny Fortson,PF,24,GSW,6,6,203,29,50,.580,0,0,,29,50,.580,.580,42,54,.778,29,69,98,5,2,0,10,22,100,24.4,.678,.000,1.080,14.0,39.3,25.6,4.1,0.5,0.0,11.9,17.4,,0.9,0.2,1.1,.258,,4.4,-1.4,3.0,0.2
Greg Foster,C,32,LAL,62,8,451,56,133,.421,3,9,.333,53,124,.427,.432,10,14,.714,29,83,112,32,9,12,25,76,125,9.5,.449,.068,.105,7.3,20.6,14.0,10.8,1.0,1.9,15.2,16.3,,0.0,0.4,0.4,.044,,-4.1,-0.2,-4.4,-0.3
Jeff Foster,C,24,IND,71,9,1152,100,213,.469,2,7,.286,98,206,.476,.474,47,91,.516,144,245,389,33,39,28,52,152,249,12.5,.492,.033,.427,14.6,23.4,19.1,4.6,1.8,1.7,17.0,12.4,,0.8,1.9,2.7,.113,,-1.9,-0.2,-2.1,0.0
Rick Fox,SF,31,LAL,82,77,2291,287,646,.444,118,300,.393,169,346,.488,.536,95,122,.779,80,245,325,262,70,29,136,225,787,13.8,.562,.464,.189,4.0,11.9,8.0,17.4,1.6,0.9,16.3,16.3,,3.7,1.4,5.1,.107,,0.8,-0.3,0.5,1.4
Adonal Foyle,C,25,GSW,58,37,1457,156,375,.416,0,0,,156,375,.416,.416,30,68,.441,156,249,405,48,31,156,79,136,342,12.4,.422,.000,.181,10.5,19.7,14.7,5.2,1.1,7.6,16.3,14.0,,-0.8,1.5,0.7,.022,,-3.6,0.8,-2.8,-0.3
Steve Francis,PG,23,HOU,80,79,3194,550,1219,.451,133,336,.396,417,883,.472,.506,358,438,.817,190,363,553,517,141,31,265,274,1591,21.6,.563,.276,.359,7.1,12.8,10.0,28.4,2.3,0.7,15.8,24.2,,9.2,3.0,12.2,.184,,4.5,0.5,5.0,5.7
Todd Fuller,C,26,MIA,10,0,77,10,35,.286,0,0,,10,35,.286,.286,8,8,1.000,7,11,18,1,3,2,3,10,28,9.3,.363,.000,.229,10.8,17.0,13.9,2.4,2.1,2.0,7.2,26.1,,-0.1,0.1,0.0,-0.002,,-5.9,-1.9,-7.8,-0.1
Lawrence Funderburke,PF,30,SAC,59,2,698,120,242,.496,0,0,,120,242,.496,.496,48,77,.623,74,122,196,17,9,13,32,44,288,16.1,.522,.000,.318,11.7,18.3,15.1,4.0,0.7,1.2,10.4,19.5,,1.0,0.9,1.9,.129,,0.0,-1.7,-1.8,0.0
Rubén Garcés,PF,27,TOT,13,0,73,7,22,.318,0,0,,7,22,.318,.318,2,8,.250,16,13,29,5,3,2,5,14,16,9.7,.313,.000,.364,23.7,20.6,22.2,10.5,2.1,2.0,16.4,18.4,,-0.1,0.1,0.0,.009,,-4.1,-0.8,-4.9,-0.1
Chris Garner,PG,25,GSW,8,0,149,7,37,.189,0,7,.000,7,30,.233,.189,5,6,.833,2,10,12,18,7,1,9,18,19,1.0,.240,.189,.162,1.3,7.8,4.3,17.4,2.4,0.5,18.5,13.8,,-0.4,0.0,-0.4,-0.123,,-9.8,-2.1,-12.0,-0.4
Kevin Garnett,PF,24,MIN,81,81,3202,704,1475,.477,19,66,.288,685,1409,.486,.484,357,467,.764,219,702,921,401,111,145,230,204,1784,23.9,.531,.045,.317,7.7,25.3,16.4,21.8,1.8,3.2,12.0,27.0,,7.0,4.8,11.8,.176,,4.5,1.4,6.0,6.4
Dean Garrett,C,34,MIN,70,21,831,75,156,.481,0,0,,75,156,.481,.481,27,39,.692,65,152,217,24,26,49,25,93,177,12.5,.511,.000,.250,8.8,21.1,14.9,4.1,1.6,4.2,12.6,10.8,,0.7,1.2,1.9,.109,,-1.6,1.0,-0.6,0.3
Pat Garrity,SF,24,ORL,76,1,1579,223,576,.387,97,224,.433,126,352,.358,.471,85,98,.867,51,159,210,51,40,15,68,241,628,10.1,.507,.389,.170,3.5,11.4,7.4,5.3,1.3,0.7,9.9,19.2,,1.2,1.3,2.5,.076,,-2.0,-1.0,-3.0,-0.4
Chris Gatling,PF,33,CLE,74,6,1670,329,733,.449,28,92,.304,301,641,.470,.468,156,228,.684,99,292,391,61,52,27,119,185,842,15.6,.505,.126,.311,6.9,20.2,13.6,6.9,1.6,1.2,12.5,25.8,,0.8,1.6,2.4,.068,,-0.7,-1.2,-1.9,0.0
Matt Geiger,C,31,PHI,35,4,542,88,224,.393,0,2,.000,88,222,.396,.393,37,54,.685,50,89,139,14,12,8,25,73,213,11.5,.430,.009,.241,10.6,18.2,14.5,4.5,1.2,1.1,9.2,22.8,,-0.1,0.8,0.7,.065,,-3.2,-1.0,-4.2,-0.3
Devean George,SF,23,LAL,59,1,593,64,207,.309,15,68,.221,49,139,.353,.345,39,55,.709,35,75,110,19,15,15,34,87,182,6.2,.394,.329,.266,6.7,14.1,10.5,4.8,1.3,1.8,12.8,20.0,,-0.7,0.4,-0.3,-0.023,,-5.6,-2.0,-7.6,-0.8
Eddie Gill,PG,22,NJN,8,0,152,16,41,.390,3,9,.333,13,32,.406,.427,4,5,.800,0,9,9,24,4,1,10,9,39,8.9,.451,.220,.122,0.0,7.0,3.4,26.3,1.4,0.5,18.8,15.9,,-0.1,0.0,0.0,-0.010,,-2.8,-1.9,-4.7,-0.1
Kendall Gill,SG,32,NJN,31,26,892,107,323,.331,4,14,.286,103,309,.333,.337,65,90,.722,32,99,131,87,47,7,48,64,283,10.1,.390,.043,.279,4.0,13.1,8.4,16.7,2.8,0.6,11.7,20.9,,-1.1,0.8,-0.4,-0.021,,-3.0,0.3,-2.7,-0.2
Dion Glover,SG,22,ATL,57,7,929,141,336,.420,9,46,.196,132,290,.455,.433,47,69,.681,39,92,131,69,49,10,54,92,338,12.3,.461,.137,.205,4.7,11.1,7.9,12.9,2.8,0.8,12.8,20.2,,-0.1,0.9,0.8,.040,,-2.3,0.4,-1.9,0.0
Anthony Goldwire,PG,29,DEN,20,0,201,30,80,.375,9,34,.265,21,46,.457,.431,13,17,.765,1,11,12,34,9,0,15,13,82,12.6,.469,.425,.213,0.5,6.0,3.2,28.0,2.3,0.0,14.6,22.7,,0.0,0.1,0.1,.023,,-0.9,-1.3,-2.2,0.0
Steve Goodrich,PF,24,CHI,12,0,133,7,18,.389,1,3,.333,6,15,.400,.417,4,7,.571,7,14,21,6,2,1,8,14,19,4.1,.451,.167,.389,6.0,13.0,9.4,7.1,0.8,0.6,27.5,10.2,,-0.1,0.0,-0.1,-0.038,,-4.9,-2.6,-7.5,-0.2
Brian Grant,C,28,MIA,82,79,2771,484,1010,.479,0,1,.000,484,1009,.480,.479,282,354,.797,217,501,718,101,60,71,170,293,1250,17.5,.536,.001,.350,9.3,21.5,15.4,7.2,1.2,2.0,12.7,23.4,,3.7,5.0,8.7,.151,,-0.3,0.2,-0.1,1.3
Gary Grant,PG,35,POR,4,0,17,5,7,.714,0,0,,5,7,.714,.714,0,0,,0,0,0,1,0,0,0,1,10,22.8,.714,.000,.000,0.0,0.0,0.0,12.6,0.0,0.0,0.0,19.1,,0.1,0.0,0.1,.209,,2.8,0.2,3.0,0.0
Horace Grant,PF,35,LAL,77,77,2390,263,569,.462,0,3,.000,263,566,.465,.462,131,169,.775,220,325,545,121,51,61,48,181,657,14.3,.511,.005,.297,10.5,15.2,12.9,7.5,1.1,1.8,6.9,12.9,,4.8,1.7,6.5,.130,,0.6,-0.6,0.0,1.2
A.C. Green,PF,37,MIA,82,1,1411,144,324,.444,0,6,.000,144,318,.453,.444,79,111,.712,107,206,313,39,30,8,45,119,367,11.2,.492,.019,.343,9.0,17.3,13.2,4.8,1.2,0.4,10.8,14.4,,1.1,2.1,3.2,.110,,-2.2,0.0,-2.2,-0.1
Adrian Griffin,SF,26,BOS,44,0,377,33,97,.340,9,26,.346,24,71,.338,.387,18,24,.750,27,60,87,27,18,5,18,45,93,10.5,.432,.268,.247,8.0,19.4,13.5,11.7,2.5,1.0,14.3,15.1,,0.0,0.5,0.4,.056,,-2.5,0.1,-2.4,0.0
Tom Gugliotta,PF,31,PHO,57,2,1159,149,380,.392,3,12,.250,146,368,.397,.396,61,77,.792,76,179,255,55,47,21,51,110,362,11.1,.437,.032,.203,7.3,17.8,12.5,7.7,2.1,1.3,11.0,17.9,,-0.3,2.0,1.8,.073,,-3.1,1.0,-2.1,0.0
A.J. Guyton,PG,22,CHI,33,8,630,78,192,.406,27,69,.391,51,123,.415,.477,15,18,.833,10,26,36,64,9,5,24,35,198,10.3,.495,.359,.094,1.8,5.1,3.4,18.1,0.8,0.6,10.7,16.5,,0.4,-0.1,0.3,.020,,-0.8,-3.2,-4.0,-0.3
Darvin Ham,SF,27,MIL,29,13,540,39,80,.488,2,3,.667,37,77,.481,.500,29,49,.592,56,65,121,25,17,21,33,85,109,10.1,.537,.038,.613,11.8,13.6,12.7,6.5,1.6,2.9,24.5,11.3,,0.4,0.5,0.9,.079,,-2.7,0.2,-2.5,-0.1
Richard Hamilton,SF,22,WAS,78,42,2519,547,1249,.438,40,146,.274,507,1103,.460,.454,277,319,.868,75,163,238,224,75,10,201,203,1411,15.7,.508,.117,.255,3.4,7.7,5.5,17.7,1.5,0.3,12.6,28.1,,2.3,0.1,2.4,.046,,0.4,-2.6,-2.2,-0.1
Zendon Hamilton,C,25,LAC,3,0,19,2,9,.222,0,0,,2,9,.222,.222,5,8,.625,3,5,8,0,0,0,2,4,9,5.7,.359,.000,.889,18.6,29.3,24.1,0.0,0.0,0.0,13.8,35.3,,-0.1,0.0,0.0,-0.119,,-8.9,-6.1,-15.0,-0.1
Tom Hammonds,PF,33,MIN,7,0,30,3,10,.300,0,0,,3,10,.300,.300,1,2,.500,2,2,4,1,0,0,3,8,7,-4.9,.322,.000,.200,7.5,7.7,7.6,4.8,0.0,0.0,21.6,20.9,,-0.1,0.0,-0.1,-0.187,,-12.8,-4.7,-17.5,-0.1
Anfernee Hardaway,SG,29,PHO,4,4,112,15,36,.417,2,8,.250,13,28,.464,.444,7,11,.636,5,13,18,15,6,1,3,6,39,16.6,.477,.222,.306,5.0,13.4,9.1,22.0,2.8,0.6,6.8,17.5,,0.2,0.2,0.4,.155,,0.7,2.4,3.0,0.1
Tim Hardaway,PG,34,MIA,77,77,2613,408,1042,.392,189,517,.366,219,525,.417,.482,145,181,.801,26,178,204,483,90,6,189,155,1150,16.7,.513,.496,.174,1.2,8.1,4.6,35.5,1.9,0.2,14.4,24.3,,3.1,3.3,6.4,.118,,2.8,-0.4,2.4,2.9
Ron Harper,PG,37,LAL,47,46,1139,127,271,.469,19,72,.264,108,199,.543,.504,34,48,.708,46,120,166,113,39,25,62,70,307,12.5,.525,.266,.177,4.6,11.8,8.2,14.8,1.8,1.5,17.5,13.9,,1.0,0.8,1.8,.077,,-0.2,0.4,0.2,0.6
Matt Harpring,SG,24,CLE,56,55,1615,238,524,.454,13,52,.250,225,472,.477,.467,134,165,.812,90,152,242,102,42,17,90,161,623,13.3,.522,.099,.315,6.5,10.9,8.7,10.9,1.4,0.8,13.1,19.2,,1.8,0.8,2.6,.077,,-0.4,-1.0,-1.3,0.3
Al Harrington,PF,20,IND,78,38,1892,241,543,.444,1,7,.143,240,536,.448,.445,103,157,.656,119,262,381,130,63,18,148,223,586,10.2,.479,.013,.289,7.4,15.2,11.4,11.8,1.8,0.7,19.5,18.8,,-1.0,2.2,1.2,.031,,-3.3,-0.1,-3.4,-0.7
Othella Harrington,C,27,TOT,74,45,1815,247,507,.487,0,3,.000,247,504,.490,.487,171,224,.763,139,249,388,56,34,45,145,237,665,12.0,.549,.006,.442,9.0,15.7,12.4,5.3,1.0,1.8,19.3,19.2,,0.8,1.7,2.5,.067,,-2.9,-0.4,-3.3,-0.6
Lucious Harris,SG,30,NJN,73,50,2071,265,624,.425,46,132,.348,219,492,.445,.462,107,139,.770,71,217,288,135,74,16,64,127,683,12.9,.498,.212,.223,3.8,12.4,8.0,11.3,1.9,0.6,8.5,16.4,,2.0,1.2,3.1,.073,,-0.2,-0.4,-0.7,0.7
Jason Hart,PG,22,MIL,1,0,10,1,1,1.000,0,0,,1,1,1.000,1.000,0,0,,0,0,0,1,0,0,2,0,2,1.7,1.000,.000,.000,0.0,0.0,0.0,14.6,0.0,0.0,66.7,13.6,,0.0,0.0,0.0,-0.159,,-5.7,-4.4,-10.2,0.0
Antonio Harvey,PF,30,POR,12,0,72,13,28,.464,0,0,,13,28,.464,.464,5,6,.833,5,9,14,4,1,6,3,10,31,17.0,.506,.000,.214,8.6,14.4,11.6,9.6,0.7,6.2,8.9,21.7,,0.1,0.1,0.2,.135,,-1.2,0.0,-1.2,0.0
Donnell Harvey,PF,20,DAL,18,0,65,8,14,.571,0,0,,8,14,.571,.571,6,16,.375,6,14,20,2,3,1,7,15,22,9.8,.523,.000,1.143,10.6,23.4,17.2,4.7,2.4,1.1,25.0,19.6,,-0.1,0.1,0.1,.039,,-6.6,0.1,-6.5,-0.1
Hersey Hawkins,SG,34,CHH,59,0,681,56,137,.409,17,46,.370,39,91,.429,.471,54,63,.857,17,63,80,72,33,9,19,45,183,14.3,.555,.336,.460,2.9,10.5,6.7,17.0,2.6,1.0,10.3,12.4,,1.4,1.0,2.3,.165,,0.2,2.6,2.8,0.8
Michael Hawkins,PG,28,CLE,10,0,76,3,9,.333,2,4,.500,1,5,.200,.444,0,0,,2,3,5,13,2,0,6,13,8,3.7,.444,.444,.000,3.1,4.6,3.8,24.8,1.4,0.0,40.0,8.9,,0.0,0.0,0.0,-0.022,,-4.7,-0.6,-5.3,-0.1
Alan Henderson,PF,28,ATL,73,42,1810,298,671,.444,0,1,.000,298,670,.445,.444,173,271,.638,180,226,406,50,51,29,126,164,769,14.0,.487,.001,.404,11.0,14.0,12.5,4.9,1.5,1.1,13.8,22.6,,0.5,1.4,1.9,.050,,-1.2,-1.9,-3.0,-0.5
Cedric Henderson,SF,25,CLE,55,10,961,102,262,.389,1,8,.125,101,254,.398,.391,30,46,.652,19,71,90,79,29,23,63,101,235,6.2,.416,.031,.176,2.3,8.5,5.4,13.2,1.6,1.7,18.2,16.2,,-1.3,0.5,-0.7,-0.037,,-4.5,-0.3,-4.8,-0.7
Chris Herren,PG,25,BOS,25,7,408,29,96,.302,16,55,.291,13,41,.317,.385,9,12,.750,4,17,21,56,14,0,20,43,83,6.1,.410,.573,.125,1.1,5.1,3.0,21.9,1.8,0.0,16.5,13.5,,-0.2,0.2,0.0,.001,,-4.0,-1.2,-5.2,-0.3
Grant Hill,SF,28,ORL,4,4,133,19,43,.442,1,1,1.000,18,42,.429,.453,16,26,.615,8,17,25,25,5,2,11,9,55,18.1,.505,.023,.605,6.5,14.5,10.4,30.7,1.9,1.1,16.8,21.8,,0.2,0.2,0.3,.126,,3.3,2.0,5.2,0.2
Tyrone Hill,PF,32,PHI,76,75,2363,278,587,.474,0,1,.000,278,586,.474,.474,172,273,.630,239,448,687,48,37,27,127,242,728,12.4,.515,.002,.465,11.7,21.0,16.4,3.3,0.8,0.8,15.2,16.0,,2.0,3.5,5.5,.111,,-1.7,-0.8,-2.4,-0.3
Fred Hoiberg,SG,28,CHI,74,37,2247,217,495,.438,103,250,.412,114,245,.465,.542,136,157,.866,21,287,308,263,98,12,74,155,673,15.3,.597,.505,.317,1.1,15.8,8.1,19.9,2.3,0.4,11.6,13.2,,4.6,1.3,5.9,.126,,0.8,0.4,1.2,1.8
Robert Horry,PF,30,LAL,79,1,1587,147,380,.387,54,156,.346,93,224,.415,.458,59,83,.711,93,203,296,128,54,54,79,210,407,11.0,.489,.411,.218,6.7,14.3,10.5,11.7,1.8,2.4,15.9,14.0,,1.1,1.5,2.6,.078,,-1.0,0.6,-0.4,0.7
Eddie House,PG,22,MIA,50,0,550,104,247,.421,19,55,.345,85,192,.443,.460,24,35,.686,5,37,42,52,13,0,35,58,251,11.6,.478,.223,.142,1.1,8.0,4.5,19.4,1.3,0.0,11.8,26.2,,-0.2,0.6,0.4,.035,,-2.4,-0.9,-3.3,-0.2
Allan Houston,SG,29,NYK,78,78,2858,542,1208,.449,96,252,.381,446,956,.467,.488,279,307,.909,20,263,283,173,52,10,161,190,1459,16.1,.543,.209,.254,0.9,10.8,6.0,12.0,1.0,0.3,10.7,25.7,,4.1,3.5,7.5,.126,,1.3,-0.1,1.1,2.2
Juwan Howard,PF,27,TOT,81,81,2974,583,1218,.479,0,3,.000,583,1215,.480,.479,296,383,.773,171,401,572,224,75,37,242,292,1462,16.0,.527,.002,.314,6.6,15.6,11.1,13.9,1.3,0.9,14.9,24.6,,2.8,1.6,4.4,.071,,0.0,-1.2,-1.2,0.6
Troy Hudson,PG,24,ORL,75,7,1008,125,372,.336,22,109,.202,103,263,.392,.366,85,104,.817,38,67,105,162,37,3,92,82,357,10.2,.427,.293,.280,4.1,7.6,5.8,25.5,1.9,0.2,18.0,22.4,,-0.7,0.8,0.1,.003,,-2.6,-1.7,-4.3,-0.6
Larry Hughes,SG,22,GSW,50,45,1846,308,805,.383,14,75,.187,294,730,.403,.391,193,252,.766,76,200,276,223,96,29,152,147,823,13.9,.449,.093,.313,4.0,12.5,7.9,21.0,2.7,1.1,14.2,24.4,,-0.4,1.1,0.6,.017,,-1.2,-0.2,-1.4,0.3
Lindsey Hunter,PG,30,MIL,82,5,2002,298,783,.381,152,407,.373,146,376,.388,.478,77,96,.802,32,137,169,222,102,12,68,172,825,14.8,.500,.520,.123,1.8,7.7,4.8,17.4,2.7,0.4,7.6,20.2,,3.1,1.4,4.6,.109,,1.1,0.1,1.2,1.6
Zydrunas Ilgauskas,C,25,CLE,24,24,616,114,234,.487,0,2,.000,114,232,.491,.487,53,78,.679,65,95,160,18,15,37,60,78,281,16.0,.524,.009,.333,12.3,17.8,15.0,5.4,1.3,4.4,18.3,24.1,,0.1,0.7,0.7,.056,,-1.4,-0.4,-1.8,0.0
Allen Iverson,SG,25,PHI,71,71,2979,762,1813,.420,98,306,.320,664,1507,.441,.447,585,719,.814,50,223,273,325,178,20,237,147,2207,24.0,.518,.169,.397,1.9,8.3,5.2,23.0,3.2,0.5,10.0,35.9,,7.3,4.5,11.8,.190,,5.0,1.1,6.1,6.1
Bobby Jackson,PG,27,SAC,79,7,1648,231,526,.439,39,104,.375,192,422,.455,.476,65,88,.739,74,172,246,161,87,7,103,139,566,13.1,.501,.198,.167,5.0,11.0,8.0,15.3,2.7,0.3,15.4,17.9,,0.9,2.3,3.1,.091,,-1.2,1.3,0.1,0.9
Jaren Jackson,SG,33,SAS,16,0,114,16,40,.400,7,18,.389,9,22,.409,.488,0,2,.000,1,11,12,7,5,0,3,13,39,10.4,.477,.450,.050,1.0,10.4,6.0,10.5,2.4,0.0,6.8,18.1,,0.0,0.2,0.2,.087,,-2.8,1.1,-1.7,0.0
Jim Jackson,SF,30,TOT,56,40,1690,239,632,.378,26,80,.325,213,552,.386,.399,139,169,.822,53,171,224,163,53,10,130,139,643,10.7,.455,.127,.267,3.6,11.6,7.6,16.4,1.6,0.4,15.5,22.3,,-0.8,1.0,0.1,.003,,-2.2,-1.3,-3.4,-0.6
Marc Jackson,C,26,GSW,48,35,1410,237,508,.467,5,23,.217,232,485,.478,.471,154,192,.802,119,242,361,59,34,27,93,138,633,16.1,.534,.045,.378,8.3,19.8,13.6,7.3,1.2,1.4,13.6,20.5,,1.9,0.7,2.6,.089,,-0.2,-1.4,-1.6,0.2
Mark Jackson,PG,35,TOT,83,82,2588,244,583,.419,70,207,.338,174,376,.463,.479,73,93,.785,63,242,305,661,84,7,175,139,631,14.9,.506,.355,.160,2.8,10.9,6.8,39.3,1.7,0.2,21.9,14.2,,3.6,2.3,5.9,.110,,1.3,-0.2,1.0,2.0
Stephen Jackson,SF,22,NJN,77,40,1660,243,572,.425,52,155,.335,191,417,.458,.470,97,135,.719,41,167,208,140,86,14,130,166,635,12.1,.503,.271,.236,2.8,11.9,7.2,15.1,2.7,0.6,17.1,20.8,,-0.4,1.3,0.9,.026,,-1.6,0.1,-1.6,0.2
Sam Jacobson,PG,25,MIN,14,0,59,9,18,.500,0,0,,9,18,.500,.500,2,3,.667,3,3,6,4,3,0,0,19,20,10.7,.518,.000,.167,5.8,5.9,5.8,10.6,2.7,0.0,0.0,14.8,,0.1,0.0,0.2,.147,,-5.9,1.6,-4.3,0.0
Tim James,SF,24,CHH,30,0,197,16,52,.308,1,3,.333,15,49,.306,.317,12,14,.857,15,20,35,8,2,5,8,27,45,5.8,.387,.058,.269,8.7,11.5,10.1,6.5,0.5,1.9,12.1,15.5,,-0.1,0.2,0.1,.022,,-5.9,-1.1,-6.9,-0.2
Antawn Jamison,SF,24,GSW,82,82,3394,800,1812,.442,62,205,.302,738,1607,.459,.459,382,534,.715,280,435,715,164,114,28,199,225,2044,19.0,.499,.113,.295,8.1,14.8,11.2,9.5,1.7,0.6,8.9,27.9,,5.4,1.3,6.7,.094,,2.8,-2.0,0.8,2.3
Anthony Johnson,PG,26,TOT,53,0,511,53,152,.349,1,5,.200,52,147,.354,.352,23,33,.697,10,34,44,78,23,6,34,62,130,8.1,.390,.033,.217,2.2,7.6,4.9,24.5,2.4,0.8,17.0,17.6,,-0.5,0.3,-0.2,-0.019,,-4.4,0.1,-4.3,-0.3
Avery Johnson,PG,35,SAS,55,20,1290,134,300,.447,1,6,.167,133,294,.452,.448,41,60,.683,21,64,85,237,33,4,60,90,310,11.5,.475,.020,.200,1.9,5.3,3.7,29.5,1.4,0.2,15.5,14.1,,1.3,1.3,2.6,.098,,-1.3,0.1,-1.2,0.3
DerMarr Johnson,SF,20,ATL,78,21,1313,146,390,.374,41,127,.323,105,263,.399,.427,64,87,.736,56,122,178,64,43,30,93,134,397,8.4,.463,.326,.223,4.7,10.4,7.6,7.9,1.7,1.6,17.8,17.7,,-0.9,0.9,0.0,.000,,-2.8,-0.8,-3.5,-0.5
Ervin Johnson,C,33,MIL,82,19,1981,108,198,.545,0,0,,108,198,.545,.545,50,93,.538,205,408,613,40,44,97,47,257,266,11.2,.557,.000,.470,11.8,23.2,17.5,2.8,1.2,3.6,16.4,6.5,,2.6,2.5,5.1,.123,,-1.3,0.5,-0.8,0.6
Larry Johnson,PF,31,NYK,65,65,2105,246,598,.411,51,163,.313,195,435,.448,.454,102,128,.797,90,273,363,127,39,29,97,209,645,11.2,.493,.273,.214,5.3,15.2,10.4,10.5,1.0,1.1,12.9,17.4,,1.0,3.1,4.1,.093,,-1.0,0.9,-0.1,1.0
Damon Jones,PG,24,VAN,71,10,1415,170,416,.409,84,231,.364,86,185,.465,.510,37,52,.712,16,108,124,224,36,1,76,58,461,13.0,.525,.555,.125,1.3,8.7,5.0,26.2,1.3,0.0,14.8,16.6,,1.4,0.4,1.8,.062,,0.7,-1.1,-0.3,0.6
Eddie Jones,SG,29,MIA,63,58,2282,388,871,.445,90,238,.378,298,633,.471,.497,228,270,.844,75,217,292,171,110,58,135,183,1094,18.8,.553,.273,.310,3.9,11.3,7.6,14.8,2.7,2.0,12.0,23.9,,3.9,4.0,7.9,.166,,2.5,2.1,4.6,3.8
Jumaine Jones,SF,21,PHI,65,0,866,122,275,.444,20,60,.333,102,215,.474,.480,40,53,.755,63,126,189,32,30,15,39,68,304,14.2,.510,.218,.193,8.4,16.1,12.3,6.3,1.8,1.3,11.6,17.6,,0.9,1.4,2.3,.125,,0.0,0.4,0.4,0.5
Popeye Jones,PF,30,WAS,45,1,638,60,153,.392,1,6,.167,59,147,.401,.395,41,55,.745,83,137,220,31,19,8,21,95,162,13.1,.457,.039,.359,14.9,25.6,20.2,7.8,1.5,0.9,10.6,13.8,,0.8,0.5,1.2,.094,,-1.3,-1.7,-3.0,-0.2
Garth Joseph,C,27,TOT,4,0,16,1,5,.200,0,0,,1,5,.200,.200,0,2,.000,2,0,2,1,0,1,2,1,2,-5.0,.170,.000,.400,13.7,0.0,7.0,9.8,0.0,4.3,25.4,22.0,,-0.1,0.0,-0.1,-0.345,,-13.6,-6.3,-19.9,-0.1
Adam Keefe,PF,30,GSW,67,13,836,64,159,.403,1,3,.333,63,156,.404,.406,39,63,.619,90,119,209,36,28,20,40,102,168,9.7,.450,.019,.396,10.5,16.4,13.3,6.5,1.7,1.7,17.6,11.5,,0.1,0.5,0.6,.032,,-3.5,-0.7,-4.3,-0.5
Shawn Kemp,PF,31,POR,68,3,1083,168,413,.407,4,11,.364,164,402,.408,.412,101,131,.771,63,196,259,65,45,23,99,184,441,11.4,.469,.027,.317,7.2,20.9,14.3,9.9,2.2,1.6,17.4,24.5,,-0.8,1.7,0.9,.041,,-4.8,0.1,-4.8,-0.7
Steve Kerr,PG,35,SAS,55,1,650,67,159,.421,33,77,.429,34,82,.415,.525,14,15,.933,6,29,35,57,16,1,21,30,181,10.6,.546,.484,.094,1.1,4.8,3.0,14.1,1.3,0.1,11.3,13.5,,0.8,0.6,1.5,.108,,-0.5,0.5,0.0,0.3
Jerome Kersey,SF,38,MIL,22,2,243,32,69,.464,0,1,.000,32,68,.471,.464,8,16,.500,8,37,45,15,14,8,6,36,72,12.9,.473,.014,.232,3.8,17.1,10.5,9.4,3.0,2.4,7.3,15.3,,0.2,0.3,0.5,.101,,-2.5,2.2,-0.3,0.1
Lari Ketner,PF,23,IND,3,0,7,0,0,,0,0,,0,0,,,0,0,,0,0,0,1,0,0,2,0,0,-10.6,,,,0.0,0.0,0.0,20.2,0.0,0.0,100.0,13.3,,-0.1,0.0,-0.1,-0.383,,-13.9,-1.5,-15.4,0.0
Jason Kidd,PG,27,PHO,77,76,3065,451,1097,.411,69,232,.297,382,865,.442,.443,328,403,.814,91,403,494,753,166,23,286,171,1299,19.4,.510,.211,.367,3.3,15.2,9.1,41.2,2.8,0.5,18.3,22.7,,4.2,5.4,9.6,.150,,2.4,1.7,4.2,4.8
Gerard King,SF,28,WAS,45,3,706,90,176,.511,0,0,,90,176,.511,.511,36,45,.800,39,90,129,31,14,11,47,94,216,10.1,.552,.000,.256,6.3,15.2,10.7,7.4,1.0,1.1,19.4,15.3,,0.3,0.2,0.5,.035,,-2.7,-0.6,-3.3,-0.2
Brevin Knight,PG,25,TOT,53,43,1457,139,371,.375,1,10,.100,138,361,.382,.376,54,66,.818,23,145,168,311,101,4,91,155,333,12.5,.416,.027,.178,1.8,11.2,6.4,33.7,3.6,0.2,18.5,15.1,,0.0,1.6,1.6,.054,,-3.0,1.6,-1.4,0.2
Travis Knight,C,26,NYK,45,0,256,10,53,.189,0,1,.000,10,52,.192,.189,9,18,.500,19,34,53,5,5,11,10,47,29,0.9,.238,.019,.340,9.3,15.6,12.5,3.0,1.1,3.5,14.1,13.5,,-0.7,0.5,-0.3,-0.049,,-8.6,0.0,-8.6,-0.4
Toni Kukoč,SF,32,TOT,65,19,1597,275,582,.473,70,157,.446,205,425,.482,.533,101,160,.631,66,193,259,199,48,11,111,98,721,17.8,.553,.270,.275,4.7,13.5,9.1,22.7,1.6,0.5,14.5,21.5,,2.9,1.7,4.7,.140,,3.0,0.2,3.2,2.1
Christian Laettner,C-PF,31,TOT,78,48,1663,277,551,.503,4,13,.308,273,538,.507,.506,170,204,.833,118,247,365,124,71,46,137,242,728,17.0,.568,.024,.370,8.1,16.9,12.5,12.7,2.2,2.0,17.6,21.1,,2.5,1.8,4.3,.124,,0.0,0.7,0.6,1.1
Raef LaFrentz,C,24,DEN,78,74,2457,387,812,.477,51,139,.367,336,673,.499,.508,183,262,.698,173,434,607,107,37,206,97,290,1008,17.6,.544,.171,.323,7.6,19.4,13.4,7.3,0.8,5.8,9.5,18.6,,4.3,2.5,6.8,.132,,0.1,0.7,0.8,1.8
Trajan Langdon,SG,24,CLE,65,5,1116,135,313,.431,51,124,.411,84,189,.444,.513,68,76,.895,12,77,89,81,38,9,52,114,389,11.8,.561,.396,.243,1.2,8.0,4.6,11.9,1.8,0.6,13.1,16.1,,1.5,0.5,2.0,.086,,-0.9,-0.1,-1.0,0.3
Dan Langhi,SF,23,HOU,33,0,241,37,99,.374,0,1,.000,37,98,.378,.374,16,29,.552,13,28,41,4,7,1,8,16,90,9.4,.403,.010,.293,6.4,13.1,9.8,2.8,1.5,0.3,6.7,22.9,,-0.2,0.2,-0.1,-0.014,,-4.0,-2.3,-6.3,-0.3
Voshon Lenard,SG,27,DEN,80,58,2331,336,846,.397,147,382,.385,189,464,.407,.484,153,192,.797,47,184,231,190,65,18,102,170,972,13.2,.522,.452,.227,2.2,8.7,5.4,13.4,1.4,0.5,9.9,19.7,,2.9,0.6,3.5,.072,,0.2,-1.1,-0.8,0.7
Quincy Lewis,SF,23,UTA,35,2,402,50,123,.407,9,25,.360,41,98,.418,.443,15,21,.714,14,33,47,18,10,10,17,78,124,7.1,.469,.203,.171,4.4,10.0,7.2,7.2,1.3,2.0,11.4,17.1,,0.0,0.3,0.3,.041,,-4.3,-0.2,-4.5,-0.3
Rashard Lewis,PF,21,SEA,78,78,2720,426,887,.480,123,285,.432,303,602,.503,.550,176,213,.826,143,398,541,125,91,45,129,191,1151,17.3,.587,.321,.240,6.1,16.7,11.4,7.6,1.8,1.2,11.6,18.4,,5.9,2.1,8.0,.142,,2.4,-0.4,2.1,2.8
Randy Livingston,PG,25,GSW,2,0,7,0,2,.000,0,1,.000,0,1,.000,.000,0,0,,0,1,1,1,0,0,0,0,0,-3.7,.000,.500,.000,0.0,16.5,7.6,19.2,0.0,0.0,0.0,12.1,,0.0,0.0,0.0,-0.222,,-11.2,-4.4,-15.6,0.0
Art Long,PF,28,SAC,9,0,20,0,4,.000,0,0,,0,4,.000,.000,0,2,.000,2,6,8,1,0,3,2,5,0,-3.6,.000,.000,.500,11.1,31.5,21.5,6.4,0.0,10.0,29.1,15.2,,-0.1,0.1,-0.1,-0.214,,-15.4,1.6,-13.8,-0.1
Grant Long,PF,34,VAN,66,27,1507,140,319,.439,4,15,.267,136,304,.447,.445,112,157,.713,76,198,274,83,72,15,62,160,396,11.4,.510,.047,.492,5.8,14.9,10.4,8.7,2.5,0.7,13.8,13.6,,1.0,1.4,2.4,.078,,-2.3,1.2,-1.1,0.3
Luc Longley,C,32,NYK,25,2,301,18,54,.333,0,0,,18,54,.333,.333,13,17,.765,26,40,66,7,3,9,22,51,49,3.7,.399,.000,.315,10.8,15.6,13.3,3.7,0.6,2.4,26.4,13.6,,-0.5,0.5,0.0,.000,,-7.0,0.6,-6.4,-0.3
Felipe López,SG-PG,26,TOT,70,48,1565,211,478,.441,19,52,.365,192,426,.451,.461,109,156,.699,55,179,234,107,62,30,83,156,550,12.5,.503,.109,.326,4.0,13.5,8.7,11.3,2.1,1.4,13.2,18.0,,0.9,1.0,1.9,.057,,-1.2,0.2,-1.0,0.4
Tyronn Lue,PG,23,LAL,38,1,468,50,117,.427,11,34,.324,39,83,.470,.474,19,24,.792,5,27,32,45,19,0,27,54,130,8.7,.510,.291,.205,1.2,6.4,3.9,14.3,2.1,0.0,17.5,14.8,,0.2,0.2,0.4,.042,,-3.6,-0.4,-4.0,-0.2
George Lynch,SF,30,PHI,82,80,2649,274,616,.445,15,57,.263,259,559,.463,.457,123,171,.719,200,390,590,139,99,30,109,222,686,12.4,.496,.093,.278,8.7,16.3,12.6,8.4,2.0,0.8,13.6,13.7,,2.3,4.2,6.5,.118,,-0.8,1.3,0.5,1.7
Todd MacCulloch,C,25,PHI,63,3,597,109,185,.589,0,0,,109,185,.589,.589,42,66,.636,69,99,168,10,7,19,27,96,260,18.3,.607,.000,.357,13.3,18.4,15.9,3.1,0.6,2.3,11.2,18.3,,1.6,0.9,2.5,.199,,0.3,-0.4,-0.1,0.3
Don MacLean,SF,31,MIA,8,1,76,10,20,.500,2,2,1.000,8,18,.444,.550,9,12,.750,7,11,18,4,5,1,10,9,31,16.3,.613,.100,.600,11.0,17.2,14.1,9.6,3.6,1.0,28.3,22.5,,0.0,0.2,0.2,.120,,-1.4,2.2,0.9,0.1
Mark Madsen,PF,25,LAL,70,3,641,55,113,.487,1,1,1.000,54,112,.482,.491,26,37,.703,74,78,152,24,8,8,27,111,137,9.2,.530,.009,.327,13.2,13.6,13.4,5.4,0.7,0.9,17.3,10.9,,0.8,0.3,1.1,.085,,-2.9,-1.6,-4.5,-0.4
Corey Maggette,SF,21,LAC,69,9,1359,225,487,.462,17,56,.304,208,431,.483,.479,223,288,.774,88,203,291,82,35,9,106,140,690,18.2,.562,.115,.591,7.6,16.6,12.3,10.8,1.4,0.5,14.7,24.5,,2.7,1.1,3.9,.137,,1.2,-1.0,0.2,0.7
Jamaal Magloire,C,22,CHH,74,0,1095,122,271,.450,0,2,.000,122,269,.454,.450,95,145,.655,103,192,295,27,18,78,61,139,339,13.4,.506,.007,.535,10.8,19.9,15.4,4.2,0.9,5.2,15.4,16.7,,0.6,2.0,2.6,.114,,-3.0,0.8,-2.2,-0.1
Dan Majerle,SG,35,MIA,53,19,1306,87,259,.336,57,181,.315,30,78,.385,.446,36,44,.818,20,146,166,88,53,15,35,98,267,9.4,.480,.699,.170,1.8,13.3,7.6,11.0,2.2,0.9,11.2,11.6,,0.5,2.1,2.6,.097,,-1.9,2.3,0.4,0.8
Karl Malone,PF,37,UTA,81,81,2895,670,1345,.498,2,5,.400,668,1340,.499,.499,536,676,.793,114,555,669,361,93,62,244,216,1878,24.7,.572,.004,.503,5.0,23.3,14.3,24.1,1.7,1.7,12.9,30.0,,9.1,4.0,13.1,.217,,5.5,1.1,6.6,6.3
Matt Maloney,PG,29,ATL,55,27,1403,146,348,.420,51,142,.359,95,206,.461,.493,26,34,.765,14,103,117,154,56,5,70,94,369,10.4,.508,.408,.098,1.1,8.2,4.6,17.6,2.1,0.3,16.2,13.8,,0.7,0.8,1.5,.053,,-1.4,0.5,-0.9,0.4
Danny Manning,PF,34,UTA,82,0,1305,247,500,.494,7,28,.250,240,472,.508,.501,102,140,.729,66,148,214,92,47,29,96,219,603,14.3,.537,.056,.280,6.4,13.8,10.2,12.6,1.9,1.8,14.6,23.2,,1.2,1.4,2.6,.097,,-1.2,0.1,-1.1,0.3
Stephon Marbury,PG,23,NJN,67,67,2557,563,1277,.441,110,335,.328,453,942,.481,.484,362,458,.790,53,152,205,506,79,5,197,150,1598,22.7,.540,.262,.359,2.3,7.0,4.6,40.8,1.6,0.1,11.8,29.7,,7.2,0.7,7.8,.147,,5.9,-1.6,4.3,4.1
Shawn Marion,SF,22,PHO,79,79,2857,557,1160,.480,21,82,.256,536,1078,.497,.489,234,289,.810,220,628,848,160,132,108,129,211,1369,21.0,.532,.071,.249,8.6,25.4,16.8,10.2,2.4,2.7,9.1,22.1,,5.3,6.4,11.7,.196,,2.3,1.8,4.1,4.4
Donyell Marshall,SF,27,UTA,81,49,2326,427,849,.503,41,128,.320,386,721,.535,.527,205,273,.751,172,394,566,133,85,78,128,196,1100,19.9,.568,.151,.322,9.4,20.6,15.1,10.1,2.0,2.7,11.7,21.7,,5.1,3.3,8.5,.174,,3.2,0.6,3.7,3.4
Darrick Martin,PG,29,SAC,31,0,176,29,76,.382,14,27,.519,15,49,.306,.474,31,35,.886,2,14,16,14,7,0,10,27,103,17.0,.563,.355,.461,1.3,8.3,4.9,12.9,2.0,0.0,9.9,25.4,,0.5,0.2,0.7,.182,,-0.4,-0.4,-0.8,0.0
Kenyon Martin,PF,23,NJN,68,68,2272,346,777,.445,1,11,.091,345,766,.450,.446,121,192,.630,137,365,502,131,78,113,138,281,814,13.4,.472,.014,.247,6.7,19.0,12.7,10.4,1.8,3.7,13.8,19.9,,-0.4,2.5,2.1,.044,,-2.1,0.4,-1.7,0.2
Jamal Mashburn,SF,28,CHH,76,76,2989,573,1388,.413,103,289,.356,470,1099,.428,.450,279,364,.766,92,484,576,411,85,13,211,185,1528,17.5,.493,.208,.262,3.5,18.4,11.0,26.8,1.5,0.3,12.0,27.1,,3.1,4.2,7.3,.118,,2.1,0.0,2.1,3.1
Anthony Mason,PF,34,MIA,80,80,3254,460,954,.482,0,0,,460,954,.482,.482,370,474,.781,169,601,770,248,80,25,179,231,1290,17.4,.555,.000,.497,6.2,21.9,14.1,14.2,1.4,0.6,13.3,20.0,,6.0,5.6,11.6,.171,,0.8,1.1,1.9,3.2
Desmond Mason,SF,23,SEA,78,14,1522,189,439,.431,18,67,.269,171,372,.460,.451,67,91,.736,72,177,249,63,39,20,53,146,463,10.5,.483,.153,.207,5.5,13.3,9.4,6.5,1.3,1.0,10.0,15.8,,1.0,0.8,1.7,.055,,-1.8,-1.0,-2.8,-0.3
Tony Massenburg,PF,33,VAN,52,20,823,92,199,.462,0,0,,92,199,.462,.462,49,70,.700,75,135,210,9,10,28,48,122,233,9.6,.507,.000,.352,10.5,18.6,14.6,1.8,0.6,2.4,17.3,15.4,,0.1,0.6,0.7,.041,,-4.5,-1.3,-5.9,-0.8
Vernon Maxwell,PG,35,TOT,43,6,660,73,223,.327,34,111,.306,39,112,.348,.404,21,32,.656,4,62,66,49,21,3,35,64,201,6.7,.424,.498,.143,0.7,10.3,5.6,11.6,1.7,0.3,12.9,18.7,,-0.6,0.7,0.0,.003,,-3.5,0.1,-3.3,-0.2
Walter McCarty,PF,26,BOS,60,3,478,45,126,.357,19,56,.339,26,70,.371,.433,22,28,.786,24,57,81,39,14,7,20,82,131,9.2,.474,.444,.222,5.6,14.5,9.9,13.5,1.5,1.1,12.6,15.0,,0.3,0.4,0.7,.067,,-2.8,-0.4,-3.2,-0.1
Dan McClintock,C,23,DEN,6,1,58,9,18,.500,0,0,,9,18,.500,.500,0,5,.000,10,7,17,1,0,2,3,11,18,9.9,.446,.000,.278,18.5,13.3,15.9,2.9,0.0,2.4,12.9,17.8,,0.0,0.0,0.0,.007,,-4.6,-3.3,-7.9,-0.1
George McCloud,SF,33,DEN,76,8,2007,250,655,.382,77,234,.329,173,421,.411,.440,152,181,.840,55,169,224,279,53,27,117,165,729,12.9,.496,.357,.276,2.9,9.3,6.1,22.1,1.4,0.9,13.7,18.9,,2.0,0.6,2.6,.062,,-0.2,-0.8,-1.0,0.5
Jelani McCoy,C,23,SEA,70,44,1143,138,264,.523,0,0,,138,264,.523,.523,41,93,.441,92,159,251,57,18,49,75,141,317,11.1,.520,.000,.352,9.3,15.9,12.6,7.7,0.8,3.1,19.7,15.0,,0.3,0.8,1.1,.045,,-2.7,-0.4,-3.1,-0.3
Antonio McDyess,PF,26,DEN,70,70,2555,577,1165,.495,0,0,,577,1165,.495,.495,304,434,.700,240,605,845,146,43,102,162,220,1458,22.0,.538,.000,.373,10.1,26.1,18.0,10.8,0.9,2.7,10.7,26.5,,5.2,2.6,7.8,.146,,2.5,-0.8,1.7,2.4
Tracy McGrady,SG,21,ORL,77,77,3087,788,1724,.457,59,166,.355,729,1558,.468,.474,430,587,.733,192,388,580,352,116,118,198,160,2065,24.9,.521,.096,.340,6.7,14.3,10.4,22.8,1.9,2.8,9.1,31.2,,8.3,3.9,12.2,.189,,6.5,0.5,7.0,7.0
Jim McIlvaine,C,28,NJN,18,3,193,10,28,.357,0,0,,10,28,.357,.357,8,12,.667,8,27,35,4,7,15,9,35,28,6.2,.421,.000,.429,4.6,16.5,10.4,3.2,1.9,5.8,21.3,9.9,,-0.2,0.2,0.1,.015,,-6.9,2.0,-4.9,-0.1
Jeff McInnis,PG,26,LAC,81,81,2831,432,933,.463,52,144,.361,380,789,.482,.491,130,161,.807,41,179,220,447,75,7,113,199,1046,15.6,.521,.154,.173,1.7,7.0,4.4,27.7,1.4,0.2,10.1,18.2,,5.8,1.1,6.9,.117,,0.6,-0.9,-0.3,1.2
Derrick McKey,SF,34,IND,66,20,987,60,136,.441,4,20,.200,56,116,.483,.456,21,27,.778,49,127,176,74,48,13,47,136,145,8.3,.490,.147,.199,5.8,14.1,10.1,11.6,2.6,0.9,24.1,9.2,,0.1,1.3,1.4,.070,,-3.5,2.5,-0.9,0.3
Aaron McKie,SG,28,PHI,76,33,2394,338,714,.473,53,170,.312,285,544,.524,.511,149,194,.768,33,278,311,377,106,8,203,178,878,15.1,.549,.238,.272,1.6,12.9,7.3,26.7,2.3,0.2,20.3,18.9,,2.3,3.5,5.9,.118,,0.1,1.3,1.4,2.1
Roshown McLeod,SF,25,TOT,35,25,922,145,332,.437,2,22,.091,143,310,.461,.440,45,51,.882,38,82,120,58,23,8,58,90,337,10.5,.475,.066,.154,4.6,10.0,7.3,11.0,1.3,0.6,14.1,20.0,,-0.1,0.5,0.4,.019,,-2.6,-0.8,-3.4,-0.3
Paul McPherson,PG,22,TOT,55,0,595,109,216,.505,2,12,.167,107,204,.525,.509,42,58,.724,40,39,79,38,25,4,47,80,262,13.6,.542,.056,.269,7.0,7.6,7.3,11.6,2.2,0.5,16.3,21.0,,0.4,0.5,0.9,.074,,-1.6,-0.3,-1.9,0.0
Stanislav Medvedenko,PF,21,LAL,7,0,39,12,25,.480,1,1,1.000,11,24,.458,.500,7,12,.583,1,8,9,2,1,1,3,9,32,21.8,.528,.040,.480,2.9,22.9,13.0,10.8,1.3,1.8,9.0,38.2,,0.1,0.0,0.1,.126,,-1.3,-0.9,-2.3,0.0
Ron Mercer,SG,24,CHI,61,61,2535,500,1121,.446,14,46,.304,486,1075,.452,.452,188,228,.825,72,164,236,201,78,27,129,148,1202,14.8,.492,.041,.203,3.2,8.0,5.5,16.2,1.7,0.8,9.6,24.8,,1.5,0.4,1.8,.035,,0.3,-2.2,-1.9,0.1
Chris Mihm,C,21,CLE,59,43,1166,173,391,.442,0,1,.000,173,390,.444,.442,100,126,.794,106,174,280,16,20,53,80,156,446,12.6,.500,.003,.322,10.6,17.3,13.9,2.4,0.9,3.3,15.2,20.4,,0.3,1.0,1.3,.053,,-2.9,-1.3,-4.2,-0.7
Darius Miles,SF,19,LAC,81,21,2133,318,630,.505,1,19,.053,317,611,.519,.506,124,238,.521,127,350,477,99,51,125,147,190,761,14.7,.518,.030,.378,7.0,18.3,12.8,8.1,1.3,4.1,16.7,19.1,,0.5,2.6,3.0,.068,,-1.3,0.8,-0.5,0.8
Andre Miller,PG,24,CLE,82,82,2848,452,999,.452,17,64,.266,435,935,.465,.461,375,450,.833,94,266,360,657,119,28,265,229,1296,20.1,.541,.064,.450,3.8,10.8,7.3,40.5,2.2,0.7,18.1,23.2,,6.1,1.9,8.0,.136,,3.0,-0.2,2.8,3.4
Anthony Miller,PF,29,TOT,4,0,11,1,2,.500,0,0,,1,2,.500,.500,0,0,,0,2,2,0,0,0,1,1,2,0.9,.500,.000,.000,0.0,20.4,10.1,0.0,0.0,0.0,33.3,12.2,,0.0,0.0,0.0,-0.082,,-7.5,-2.4,-9.9,0.0
Brad Miller,C,24,CHI,57,45,1434,168,386,.435,1,5,.200,167,381,.438,.437,168,226,.743,144,275,419,107,33,38,73,176,505,16.4,.520,.013,.585,11.5,23.7,17.3,13.1,1.2,2.0,13.1,18.1,,2.3,1.1,3.4,.114,,-0.2,-1.0,-1.2,0.3
Mike Miller,SF,20,ORL,82,62,2390,368,845,.436,148,364,.407,220,481,.457,.523,91,128,.711,66,261,327,140,51,19,97,200,975,13.2,.541,.431,.151,3.0,12.4,7.6,9.7,1.1,0.6,9.7,18.5,,3.3,1.9,5.3,.106,,0.7,-0.9,-0.2,1.0
Reggie Miller,SG,35,IND,81,81,3181,517,1176,.440,170,464,.366,347,712,.487,.512,323,348,.928,38,247,285,260,81,15,133,162,1527,17.3,.574,.395,.296,1.4,8.5,5.1,15.0,1.4,0.3,9.1,21.5,,8.1,2.2,10.3,.155,,2.8,-0.6,2.3,3.4
Chris Mills,SF,31,GSW,15,8,493,71,191,.372,7,25,.280,64,166,.386,.390,31,36,.861,24,69,93,18,9,5,20,43,180,9.6,.435,.131,.188,4.8,16.2,10.0,6.1,0.9,0.7,8.8,19.4,,0.0,0.1,0.1,.007,,-2.8,-1.6,-4.4,-0.3
Terry Mills,PF,33,IND,14,0,113,11,34,.324,3,17,.176,8,17,.471,.368,0,0,,4,17,21,5,3,1,10,20,25,1.1,.368,.500,.000,4.1,16.5,10.5,7.2,1.4,0.6,22.7,18.2,,-0.4,0.1,-0.2,-0.096,,-7.8,-0.4,-8.2,-0.2
Sam Mitchell,SF,37,MIN,82,4,983,118,289,.408,9,43,.209,109,246,.443,.424,40,55,.727,28,95,123,57,26,10,36,117,285,8.2,.455,.149,.190,3.2,11.2,7.1,8.6,1.4,0.7,10.3,16.1,,0.0,0.6,0.6,.030,,-3.7,-0.9,-4.6,-0.6
Cuttino Mobley,SG,25,HOU,79,49,3002,527,1214,.434,90,252,.357,437,962,.454,.471,394,474,.831,83,314,397,195,84,26,165,169,1538,17.7,.541,.208,.390,3.3,11.8,7.7,11.5,1.5,0.6,10.4,24.3,,6.2,2.0,8.2,.130,,1.7,-0.8,0.9,2.2
Nazr Mohammed,C,23,TOT,58,22,912,176,369,.477,0,1,.000,176,368,.478,.477,89,126,.706,115,192,307,19,29,35,64,113,441,19.2,.520,.003,.341,14.1,23.6,18.8,3.9,1.7,2.8,13.1,24.0,,1.1,1.4,2.5,.129,,-0.2,-1.3,-1.5,0.1
Jérôme Moïso,C,22,BOS,24,0,135,12,30,.400,0,1,.000,12,29,.414,.400,11,26,.423,12,30,42,3,3,4,18,29,35,3.2,.422,.033,.867,9.9,27.1,18.1,3.6,1.2,2.3,30.3,20.0,,-0.4,0.2,-0.3,-0.096,,-9.5,-0.8,-10.3,-0.3
Eric Montross,C,29,TOT,54,21,649,56,138,.406,0,0,,56,138,.406,.406,8,31,.258,52,121,173,19,11,26,41,115,120,5.4,.396,.000,.225,8.5,20.5,14.4,4.5,0.9,2.8,21.3,12.9,,-0.9,0.9,0.0,-0.001,,-6.6,-0.1,-6.7,-0.8
Mikki Moore,C,25,DET,81,2,1154,132,268,.493,0,1,.000,132,267,.494,.493,95,130,.731,121,195,316,33,24,61,74,202,359,12.9,.552,.004,.485,11.0,18.4,14.7,4.6,1.1,3.7,18.5,15.0,,1.1,1.6,2.8,.116,,-3.4,0.8,-2.6,-0.2
Hanno Möttölä,SF,24,ATL,73,3,989,123,277,.444,0,3,.000,123,274,.449,.444,73,90,.811,49,125,174,25,11,9,67,163,319,7.5,.504,.011,.325,5.5,14.2,9.8,4.2,0.6,0.6,17.5,17.3,,-0.1,0.5,0.4,.018,,-5.1,-1.5,-6.6,-1.1
Alonzo Mourning,C,30,MIA,13,3,306,73,141,.518,0,1,.000,73,140,.521,.518,31,55,.564,35,66,101,12,4,31,28,24,177,24.6,.536,.007,.390,13.6,25.6,19.6,8.9,0.7,7.8,14.5,30.6,,0.2,0.7,0.9,.148,,1.7,1.2,2.9,0.4
Chris Mullin,SF,37,GSW,20,8,374,36,106,.340,19,52,.365,17,54,.315,.429,24,28,.857,10,31,41,19,16,10,19,28,115,10.0,.486,.491,.264,2.6,9.6,5.8,7.9,2.2,1.9,13.8,15.5,,0.1,0.2,0.3,.034,,-1.9,-0.1,-2.0,0.0
Lamond Murray,SF,27,CLE,78,46,2225,391,925,.423,61,165,.370,330,760,.434,.456,155,211,.735,104,236,340,124,83,27,141,173,998,13.9,.490,.178,.228,5.4,12.3,8.9,10.1,2.0,0.9,12.2,23.5,,0.8,1.5,2.3,.050,,-0.1,-1.0,-1.1,0.5
Tracy Murray,SF,29,TOT,51,1,588,94,248,.379,36,103,.350,58,145,.400,.452,33,42,.786,22,59,81,23,12,7,26,53,257,11.4,.482,.415,.169,4.1,11.4,7.7,6.5,1.1,0.8,8.9,22.2,,0.2,0.3,0.6,.046,,-0.7,-2.2,-2.9,-0.1
Dikembe Mutombo,C,34,TOT,75,75,2591,269,556,.484,0,0,,269,556,.484,.484,211,291,.725,307,708,1015,76,29,203,144,204,749,17.5,.547,.000,.523,13.3,30.5,21.9,4.7,0.6,5.6,17.4,14.3,,3.4,4.7,8.1,.151,,0.4,1.3,1.7,2.4
Mamadou N'Diaye,C,25,TOR,3,0,10,1,4,.250,0,0,,1,4,.250,.250,2,2,1.000,1,1,2,0,0,0,0,3,4,6.6,.410,.000,.500,11.0,11.6,11.3,0.0,0.0,0.0,0.0,21.8,,0.0,0.0,0.0,.083,,-7.1,-4.7,-11.7,0.0
Lee Nailon,SF,25,CHH,42,0,469,66,136,.485,0,1,.000,66,135,.489,.485,32,43,.744,29,63,92,24,9,5,27,60,164,11.7,.529,.007,.316,7.1,15.3,11.2,9.1,1.0,0.8,14.8,17.9,,0.4,0.6,0.9,.096,,-2.5,-0.1,-2.6,-0.1
Eduardo Nájera,PF,24,DAL,40,4,431,58,111,.523,1,3,.333,57,108,.528,.527,14,33,.424,41,54,95,27,13,8,17,48,131,14.0,.522,.027,.297,10.9,13.6,12.3,9.7,1.6,1.3,11.9,15.0,,0.6,0.4,1.1,.120,,0.1,-0.2,-0.1,0.2
Steve Nash,PG,26,DAL,70,70,2387,386,792,.487,89,219,.406,297,573,.518,.544,231,258,.895,46,177,223,509,72,5,205,158,1092,19.6,.603,.277,.326,2.2,8.1,5.2,34.6,1.6,0.1,18.5,21.1,,6.8,1.6,8.4,.169,,3.8,-1.1,2.8,2.9
Tyrone Nesby,SF-SG,25,TOT,62,34,1556,189,530,.357,49,180,.272,140,350,.400,.403,85,106,.802,51,122,173,76,51,20,65,155,512,8.9,.444,.340,.200,3.8,9.2,6.5,8.2,1.7,0.9,10.1,18.5,,-0.2,0.5,0.3,.008,,-2.5,-1.1,-3.6,-0.6
Rasho Nesterović,C,24,MIN,73,39,1233,147,319,.461,0,1,.000,147,318,.462,.461,34,65,.523,99,187,286,45,25,63,55,189,328,10.4,.472,.003,.204,9.1,17.5,13.2,5.4,1.1,3.6,13.7,14.8,,0.2,1.3,1.5,.060,,-3.5,0.0,-3.5,-0.5
Ira Newble,SF,26,SAS,27,6,184,21,55,.382,4,9,.444,17,46,.370,.418,8,16,.500,13,22,35,6,2,4,7,18,54,8.9,.435,.164,.291,8.4,12.9,10.8,5.3,0.6,1.5,10.1,17.6,,0.0,0.2,0.2,.055,,-2.8,-1.2,-4.0,-0.1
Johnny Newman,SG,37,NJN,82,17,2049,291,695,.419,59,176,.335,232,519,.447,.461,254,297,.855,34,142,176,115,63,10,106,229,895,13.0,.542,.253,.427,1.9,8.2,4.9,10.0,1.6,0.4,11.4,20.6,,2.7,0.7,3.4,.081,,-1.0,-1.1,-2.1,0.0
Moochie Norris,PG,27,HOU,82,6,1654,184,413,.446,25,89,.281,159,324,.491,.476,151,194,.778,44,154,198,283,69,2,107,84,544,16.2,.546,.215,.470,3.2,10.5,6.9,27.1,2.2,0.1,17.7,16.8,,3.1,1.2,4.4,.126,,0.9,0.1,1.0,1.2
Dirk Nowitzki,PF,22,DAL,82,82,3125,591,1247,.474,151,390,.387,440,857,.513,.534,451,538,.838,119,635,754,173,79,101,156,245,1784,22.8,.601,.313,.431,4.4,22.1,13.5,9.4,1.3,2.3,9.5,23.8,,10.3,4.3,14.6,.224,,4.9,0.5,5.4,5.9
Jermaine O'Neal,C,22,IND,81,80,2641,404,868,.465,0,5,.000,404,863,.468,.465,233,388,.601,249,545,794,98,49,228,161,280,1041,17.5,.501,.006,.447,11.0,22.7,17.0,6.7,1.0,6.2,13.4,21.2,,1.7,4.7,6.4,.116,,-0.8,1.0,0.3,1.5
Shaquille O'Neal,C,28,LAL,74,74,2924,813,1422,.572,0,2,.000,813,1420,.573,.572,499,972,.513,291,649,940,277,47,204,218,256,2125,30.2,.574,.001,.684,11.3,24.8,18.1,18.8,0.8,4.9,10.5,31.6,,11.1,3.9,14.9,.245,,7.0,0.7,7.7,7.1
Charles Oakley,PF,37,TOR,78,77,2767,305,786,.388,11,49,.224,294,737,.399,.395,127,152,.836,142,599,741,264,76,48,139,258,748,11.6,.439,.062,.193,5.6,25.0,15.1,14.6,1.4,1.2,14.0,16.0,,0.2,3.5,3.7,.065,,-2.2,0.8,-1.4,0.4
Lamar Odom,PF,21,LAC,76,74,2836,481,1046,.460,80,253,.316,401,793,.506,.498,262,386,.679,110,482,592,392,74,122,264,237,1304,18.9,.536,.242,.369,4.6,18.9,11.9,25.0,1.4,3.0,17.8,24.1,,3.2,3.3,6.5,.111,,2.9,1.1,4.0,4.3
Hakeem Olajuwon,C,38,HOU,58,55,1545,283,568,.498,0,1,.000,283,567,.499,.498,123,198,.621,124,307,431,72,70,88,81,141,689,20.7,.526,.002,.349,9.5,22.4,16.1,8.3,2.4,4.0,11.0,21.9,,2.4,2.6,5.0,.155,,1.3,1.5,2.8,1.9
Kevin Ollie,PG,28,TOT,70,4,925,76,192,.396,1,3,.333,75,189,.397,.398,63,89,.708,16,79,95,146,30,1,49,84,216,10.3,.467,.016,.464,2.0,9.6,5.8,24.5,1.7,0.1,17.5,13.7,,0.5,0.9,1.4,.075,,-2.8,0.6,-2.2,0.0
Michael Olowokandi,C,25,LAC,82,82,2127,308,708,.435,0,0,,308,708,.435,.435,85,156,.545,168,357,525,46,30,108,169,250,701,10.0,.451,.000,.220,9.3,18.7,14.1,3.7,0.8,3.6,17.9,20.5,,-2.6,2.2,-0.4,-0.008,,-4.7,-0.8,-5.5,-1.9
Greg Ostertag,C,27,UTA,81,3,1491,139,281,.495,1,2,.500,138,279,.495,.496,84,151,.556,164,251,415,22,22,142,63,215,363,13.3,.522,.007,.537,13.9,20.4,17.3,2.3,0.8,7.7,15.3,12.7,,1.5,2.3,3.8,.121,,-1.8,1.0,-0.8,0.4
Bo Outlaw,PF,29,ORL,80,69,2534,226,368,.614,1,2,.500,225,366,.615,.615,129,225,.573,211,408,619,225,105,137,141,241,582,15.7,.623,.005,.611,9.0,18.3,13.6,13.3,2.1,4.0,23.2,10.6,,3.9,4.0,7.9,.150,,0.4,2.6,3.1,3.2
Doug Overton,PG,31,TOT,21,10,475,52,139,.374,11,36,.306,41,103,.398,.414,10,16,.625,4,35,39,72,8,0,31,37,125,7.5,.428,.259,.115,0.9,8.8,4.7,25.5,0.9,0.0,17.5,16.9,,-0.4,0.1,-0.3,-0.026,,-3.3,-2.3,-5.6,-0.4
Billy Owens,PF,31,DET,45,14,793,88,230,.383,3,20,.150,85,210,.405,.389,19,40,.475,84,121,205,55,32,12,39,93,198,10.5,.400,.087,.174,11.1,16.7,13.8,11.1,2.0,1.1,13.6,15.7,,-0.3,1.1,0.8,.048,,-2.6,0.7,-1.9,0.0
Olumide Oyedeji,C,19,SEA,30,1,221,18,37,.486,0,0,,18,37,.486,.486,9,12,.750,24,43,67,2,7,10,11,40,45,10.6,.532,.000,.324,12.5,22.2,17.4,1.3,1.7,3.3,20.6,10.9,,0.1,0.3,0.4,.090,,-3.8,0.0,-3.8,-0.1
Robert Pack,PG,31,DEN,74,11,1260,181,426,.425,12,31,.387,169,395,.428,.439,105,137,.766,30,107,137,293,65,1,135,114,479,14.8,.493,.073,.322,2.6,9.3,5.9,38.2,2.7,0.1,21.7,22.0,,0.4,0.7,1.1,.043,,-0.8,-0.8,-1.6,0.1
Scott Padgett,PF,24,UTA,27,0,127,18,43,.419,5,9,.556,13,34,.382,.477,15,20,.750,19,20,39,5,6,3,10,21,56,17.6,.541,.209,.465,18.9,19.1,19.0,6.5,2.5,1.9,16.2,22.4,,0.2,0.2,0.4,.158,,0.4,-1.8,-1.4,0.0
Milt Palacio,PG,22,BOS,58,6,1141,126,267,.472,12,36,.333,114,231,.494,.494,78,92,.848,25,77,102,151,48,0,80,83,342,12.3,.556,.135,.345,2.4,8.2,5.2,22.5,2.2,0.0,20.6,15.4,,1.1,0.7,1.8,.076,,-1.8,-0.5,-2.4,-0.1
Andy Panko,SF,23,ATL,1,0,1,0,0,,0,0,,0,0,,,0,0,,0,0,0,0,0,0,0,0,0,0.0,,,,0.0,0.0,0.0,0.0,0.0,0.0,,0.0,,0.0,0.0,0.0,-0.017,,-3.2,-2.9,-6.2,0.0
Cherokee Parks,C,28,TOT,65,31,1054,134,274,.489,0,6,.000,134,268,.500,.489,31,44,.705,71,158,229,46,25,36,41,122,299,12.6,.510,.022,.161,7.9,16.9,12.5,7.3,1.3,2.4,12.3,14.6,,0.9,1.0,1.9,.086,,-1.7,0.3,-1.4,0.2
Ruben Patterson,SF,25,SEA,76,22,2059,370,749,.494,2,36,.056,368,713,.516,.495,246,361,.681,183,199,382,161,103,45,155,176,988,19.3,.544,.048,.482,10.3,11.0,10.7,13.4,2.6,1.6,14.6,23.3,,3.8,1.7,5.5,.128,,2.0,-0.1,1.9,2.1
Gary Payton,PG,32,SEA,79,79,3244,725,1591,.456,102,272,.375,623,1319,.472,.488,271,354,.766,73,288,361,642,127,26,209,184,1823,22.1,.522,.171,.223,2.6,10.1,6.4,36.6,2.1,0.6,10.7,27.2,,9.1,1.7,10.8,.160,,4.7,-0.7,4.0,4.9
Anthony Peeler,SG,31,MIN,75,41,2126,308,732,.421,100,256,.391,208,476,.437,.489,75,87,.862,44,148,192,192,91,18,105,166,791,12.6,.513,.350,.119,2.3,8.0,5.2,13.9,2.2,0.6,12.0,18.6,,1.6,1.5,3.2,.071,,-0.4,-0.3,-0.6,0.7
Mike Penberthy,PG,26,LAL,53,0,851,92,222,.414,55,139,.396,37,83,.446,.538,28,31,.903,10,53,63,71,22,2,34,57,267,11.2,.567,.626,.140,1.3,7.0,4.2,12.4,1.4,0.2,12.6,14.2,,1.3,0.2,1.6,.088,,-0.3,-1.2,-1.6,0.1
Will Perdue,C,35,POR,13,0,58,6,9,.667,0,0,,6,9,.667,.667,2,4,.500,6,12,18,2,3,2,0,8,14,18.5,.651,.000,.444,12.8,23.9,18.5,5.3,2.8,2.6,0.0,8.6,,0.2,0.1,0.3,.245,,1.6,1.7,3.3,0.1
Sam Perkins,PF,39,IND,64,41,999,86,226,.381,38,110,.345,48,116,.414,.465,32,38,.842,32,136,168,41,33,18,19,61,242,11.1,.499,.487,.168,3.7,15.0,9.5,6.6,1.8,1.3,7.3,12.2,,0.9,1.2,2.0,.098,,0.0,1.0,1.0,0.8
Elliot Perry,PG,31,TOT,49,6,499,65,140,.464,1,5,.200,64,135,.474,.468,16,22,.727,9,37,46,79,22,1,38,29,147,11.6,.491,.036,.157,2.0,8.5,5.2,25.8,2.3,0.1,20.2,16.8,,0.0,0.7,0.6,.061,,-2.2,0.8,-1.4,0.1
Wesley Person,SG,29,CLE,44,22,958,128,292,.438,34,84,.405,94,208,.452,.497,24,30,.800,11,119,130,64,27,11,40,62,314,11.6,.514,.288,.103,1.3,14.4,7.9,11.2,1.5,0.8,11.6,16.3,,0.6,0.6,1.2,.061,,-0.8,-0.3,-1.1,0.2
Morris Peterson,SG,23,TOR,80,49,1809,290,673,.431,63,165,.382,227,508,.447,.478,104,145,.717,112,147,259,105,63,20,78,164,747,14.1,.507,.245,.215,6.8,9.4,8.1,9.6,1.8,0.8,9.6,20.1,,2.3,1.3,3.6,.096,,0.1,-0.8,-0.7,0.5
Eric Piatkowski,SG,30,LAC,81,40,2144,291,672,.433,120,297,.404,171,375,.456,.522,158,181,.873,54,187,241,96,46,19,76,123,860,14.6,.572,.442,.269,3.0,9.7,6.4,7.6,1.1,0.6,9.2,17.8,,4.5,1.0,5.5,.123,,1.5,-0.8,0.7,1.4
Paul Pierce,SF,23,BOS,82,82,3120,687,1513,.454,147,384,.383,540,1129,.478,.503,550,738,.745,94,428,522,253,138,69,262,251,2071,22.3,.563,.254,.488,3.4,16.7,9.8,16.9,2.3,1.7,12.5,30.6,,6.9,3.5,10.4,.160,,4.5,-0.1,4.4,5.0
Scottie Pippen,SF,35,POR,64,60,2133,269,596,.451,64,186,.344,205,410,.500,.505,119,161,.739,70,263,333,294,94,35,154,158,721,15.3,.541,.312,.270,4.1,14.2,9.3,21.8,2.4,1.2,18.8,17.9,,2.4,2.7,5.1,.115,,1.0,1.2,2.2,2.3
Scot Pollard,C,25,SAC,77,8,1658,185,395,.468,0,2,.000,185,393,.471,.468,128,171,.749,173,292,465,47,48,97,66,206,498,15.0,.530,.005,.433,11.5,18.5,15.1,4.2,1.5,3.9,12.3,14.3,,2.5,2.9,5.4,.157,,-1.2,0.9,-0.3,0.7
Olden Polynice,C,36,UTA,81,79,1619,206,415,.496,0,1,.000,206,414,.498,.496,17,65,.262,157,221,378,31,27,77,78,241,429,9.9,.484,.002,.157,12.3,16.6,14.5,3.1,0.9,3.9,15.0,14.8,,0.2,1.8,2.0,.058,,-3.1,-0.7,-3.9,-0.8
Mark Pope,PF,28,MIL,63,45,942,62,142,.437,5,24,.208,57,118,.483,.454,22,35,.629,56,91,147,38,16,26,17,140,151,7.2,.480,.169,.246,6.8,10.9,8.8,5.6,0.9,2.0,9.7,8.4,,0.8,0.5,1.3,.068,,-3.0,0.1,-2.9,-0.2
Chris Porter,SF,22,GSW,51,35,1147,173,445,.389,0,5,.000,173,440,.393,.389,94,141,.667,89,100,189,61,45,6,59,111,440,11.1,.434,.011,.317,7.6,10.1,8.7,9.0,2.0,0.4,10.4,20.8,,-0.1,0.3,0.2,.008,,-2.7,-1.8,-4.5,-0.7
Terry Porter,PG,37,SAS,80,42,1678,197,440,.448,87,205,.424,110,235,.468,.547,92,116,.793,24,177,201,251,52,11,104,88,573,15.5,.583,.466,.264,1.7,11.4,6.8,24.5,1.7,0.5,17.5,16.7,,3.0,2.3,5.4,.154,,1.6,1.0,2.6,2.0
James Posey,SF,24,DEN,82,82,2255,243,590,.412,65,217,.300,178,373,.477,.467,115,141,.816,125,306,431,163,93,40,102,226,666,12.5,.511,.368,.239,5.9,14.9,10.4,11.2,2.1,1.2,13.5,14.9,,2.1,1.7,3.8,.080,,-1.0,0.6,-0.4,0.9
Lavor Postell,SG,22,NYK,26,0,169,17,54,.315,3,11,.273,14,43,.326,.343,22,27,.815,8,17,25,5,4,2,17,12,59,7.2,.448,.204,.500,5.9,11.8,8.9,5.0,1.3,1.0,20.5,24.0,,-0.3,0.2,-0.1,-0.027,,-4.2,-0.9,-5.1,-0.1
Vitaly Potapenko,C,25,BOS,82,7,1901,248,521,.476,0,0,,248,521,.476,.476,115,158,.728,206,289,495,64,52,23,105,228,611,12.8,.517,.000,.303,12.1,18.5,15.2,5.9,1.4,0.9,15.1,16.6,,1.8,1.7,3.4,.087,,-2.0,-1.6,-3.6,-0.8
Brent Price,PG,32,VAN,6,0,30,3,11,.273,1,4,.250,2,7,.286,.318,6,7,.857,1,3,4,5,2,0,4,8,13,9.4,.462,.364,.636,3.8,11.4,7.6,26.6,3.5,0.0,22.1,27.5,,0.0,0.0,0.0,-0.003,,-5.8,0.3,-5.5,0.0
Laron Profit,PG,23,WAS,35,12,605,56,142,.394,7,26,.269,49,116,.422,.419,33,45,.733,18,46,64,89,36,11,46,43,152,11.7,.470,.183,.317,3.4,9.1,6.2,23.5,3.1,1.3,22.1,15.3,,-0.1,0.4,0.3,.023,,-1.4,0.4,-1.0,0.2
Joel Przybilla,C,21,MIL,33,13,270,12,35,.343,0,0,,12,35,.343,.343,3,11,.273,29,42,71,2,3,30,13,56,27,5.9,.339,.000,.314,12.3,17.5,14.9,1.0,0.6,8.2,24.6,8.9,,-0.2,0.3,0.1,.018,,-6.8,0.6,-6.3,-0.3
Theo Ratliff,C,27,PHI,50,50,1800,228,457,.499,0,0,,228,457,.499,.499,165,217,.760,125,288,413,58,30,187,126,165,621,16.3,.562,.000,.475,8.0,17.7,13.0,5.3,0.9,7.6,18.6,17.0,,1.7,3.5,5.2,.138,,-1.1,2.7,1.6,1.6
Eldridge Recasner,PG,33,CHH,43,0,403,38,114,.333,13,39,.333,25,75,.333,.390,14,18,.778,13,37,50,39,6,1,27,30,103,6.2,.422,.342,.158,3.7,10.4,7.1,15.9,0.8,0.2,18.1,17.0,,-0.4,0.4,0.0,-0.004,,-3.7,-1.1,-4.9,-0.3
Michael Redd,SG,21,MIL,6,0,35,5,19,.263,0,3,.000,5,16,.313,.263,3,6,.500,3,1,4,1,1,0,1,2,13,3.4,.300,.158,.316,9.8,3.2,6.5,4.4,1.5,0.0,4.4,29.3,,-0.1,0.0,-0.1,-0.163,,-6.2,-5.2,-11.4,-0.1
Bryant Reeves,C,27,VAN,75,48,1832,254,552,.460,1,4,.250,253,548,.462,.461,113,142,.796,132,320,452,80,43,54,90,243,622,12.8,.506,.007,.257,8.3,19.8,14.1,7.4,1.2,2.0,12.8,17.6,,1.2,1.7,2.9,.075,,-2.6,-0.2,-2.8,-0.4
Don Reid,PF,27,ORL,65,7,764,82,145,.566,0,0,,82,145,.566,.566,46,75,.613,84,158,242,21,23,54,48,190,210,13.1,.590,.000,.517,11.9,23.5,17.6,4.2,1.6,5.2,21.2,13.1,,0.8,1.4,2.3,.141,,-4.3,1.6,-2.8,-0.2
J.R. Reid,PF,32,CLE,6,0,39,2,5,.400,0,0,,2,5,.400,.400,6,8,.750,5,3,8,1,2,1,1,4,10,15.7,.587,.000,1.600,14.9,8.9,11.9,3.8,2.7,1.9,10.5,11.0,,0.1,0.0,0.1,.174,,1.1,0.4,1.5,0.0
Glen Rice,SF,33,NYK,75,25,2212,331,752,.440,82,211,.389,249,541,.460,.495,155,182,.852,61,246,307,89,41,13,96,179,899,13.7,.540,.281,.242,3.4,13.0,8.4,7.4,1.0,0.5,10.3,20.5,,2.7,2.9,5.7,.123,,0.5,0.1,0.5,1.4
Quentin Richardson,SG,20,LAC,76,28,1358,232,525,.442,50,151,.331,182,374,.487,.490,99,158,.627,105,152,257,62,42,7,64,98,613,16.5,.516,.288,.301,9.1,12.5,10.8,8.3,1.7,0.4,9.7,22.4,,2.1,1.0,3.0,.106,,2.0,-1.1,0.8,0.9
Mitch Richmond,SG,35,WAS,37,30,1216,205,504,.407,45,133,.338,160,371,.431,.451,143,160,.894,15,94,109,111,43,7,84,86,598,14.9,.521,.264,.317,1.4,9.2,5.2,16.6,1.8,0.4,12.8,24.1,,1.4,0.2,1.6,.065,,1.0,-1.2,-0.3,0.5
Isaiah Rider,SG,29,LAL,67,6,1206,201,472,.426,34,92,.370,167,380,.439,.462,71,83,.855,44,112,156,111,27,7,98,105,507,11.8,.499,.195,.176,4.2,10.4,7.3,15.0,1.2,0.4,16.2,22.5,,0.3,0.5,0.8,.033,,-1.4,-2.0,-3.4,-0.4
Terrance Roberson,SF,24,CHH,3,0,13,0,2,.000,0,1,.000,0,1,.000,.000,0,0,,0,1,1,1,0,0,2,3,0,-15.0,.000,.500,.000,0.0,8.7,4.4,10.9,0.0,0.0,50.0,14.2,,-0.1,0.0,-0.1,-0.334,,-18.7,-2.4,-21.1,-0.1
Clifford Robinson,PF,34,PHO,82,82,2751,501,1186,.422,90,249,.361,411,937,.439,.460,253,357,.709,105,229,334,237,87,82,186,258,1345,14.8,.501,.210,.301,4.2,9.6,6.9,15.4,1.6,2.2,12.2,24.8,,1.6,3.9,5.4,.095,,0.5,0.4,0.9,2.0
David Robinson,C,35,SAS,80,80,2371,400,823,.486,0,1,.000,400,822,.487,.486,351,470,.747,208,483,691,116,80,197,122,212,1151,23.7,.559,.001,.571,10.4,22.0,16.5,8.8,1.8,5.8,10.6,22.8,,6.4,5.7,12.1,.246,,2.5,2.7,5.2,4.3
Eddie Robinson,SF,24,CHH,67,6,1201,216,407,.531,2,4,.500,214,403,.531,.533,64,88,.727,60,138,198,59,50,32,43,66,498,17.9,.559,.010,.216,5.7,13.1,9.4,9.4,2.2,2.0,8.8,18.8,,2.1,1.8,4.0,.159,,1.4,1.2,2.6,1.4
Glenn Robinson,SF,28,MIL,76,74,2813,684,1460,.468,55,184,.299,629,1276,.493,.487,251,306,.820,124,402,526,252,86,62,219,191,1674,20.1,.525,.126,.210,5.0,16.1,10.6,16.5,1.6,1.6,12.1,29.2,,4.2,2.5,6.7,.114,,2.3,-1.0,1.3,2.4
Jamal Robinson,SF,27,MIA,6,0,72,3,22,.136,0,2,.000,3,20,.150,.136,0,0,,3,8,11,2,6,0,3,7,6,-1.9,.136,.091,.000,5.0,13.2,9.1,4.4,4.6,0.0,12.0,16.8,,-0.4,0.2,-0.2,-0.166,,-10.7,0.8,-9.9,-0.1
James Robinson,PG,30,ORL,6,0,50,4,11,.364,2,5,.400,2,6,.333,.455,0,0,,0,8,8,0,4,1,4,5,10,5.1,.455,.455,.000,0.0,18.2,8.9,0.0,4.1,1.5,26.7,13.3,,-0.1,0.1,0.0,-0.017,,-7.9,2.0,-5.9,-0.1
Larry Robinson,PG-SG,33,TOT,34,1,632,67,184,.364,44,116,.379,23,68,.338,.484,21,24,.875,23,64,87,36,28,2,25,46,199,11.8,.511,.630,.130,4.0,11.4,7.7,9.1,2.3,0.2,11.4,15.5,,0.6,0.5,1.1,.083,,0.3,0.5,0.9,0.5
Carlos Rogers,C,29,HOU,39,0,544,75,110,.682,0,1,.000,75,109,.688,.682,29,52,.558,48,91,139,9,10,18,17,33,179,18.1,.674,.009,.473,10.5,18.9,14.8,2.7,1.0,2.3,11.3,12.7,,1.5,0.5,2.0,.180,,2.4,-0.4,2.0,0.6
Rodney Rogers,SF,29,PHO,82,3,2183,377,876,.430,56,189,.296,321,687,.467,.462,188,247,.761,94,265,359,180,97,47,157,269,998,14.6,.507,.216,.282,4.8,14.0,9.3,14.5,2.3,1.6,13.8,23.3,,1.0,3.7,4.7,.104,,-0.7,1.3,0.6,1.4
Sean Rooks,C,31,LAC,82,0,1553,169,395,.428,1,2,.500,168,393,.427,.429,107,143,.748,91,212,303,77,34,64,73,197,446,11.5,.487,.005,.362,6.9,15.2,11.2,8.1,1.2,2.9,13.7,15.8,,0.8,1.5,2.3,.070,,-2.3,0.7,-1.7,0.1
Jalen Rose,SF,28,IND,72,72,2943,567,1242,.457,59,174,.339,508,1068,.476,.480,285,344,.828,37,322,359,435,65,43,211,230,1478,17.8,.530,.140,.277,1.5,12.0,6.9,28.7,1.2,1.0,13.2,25.5,,4.8,2.5,7.3,.119,,2.1,-0.4,1.8,2.7
Malik Rose,PF,26,SAS,57,9,1219,160,368,.435,3,17,.176,157,351,.447,.439,114,160,.713,95,213,308,48,59,40,74,148,437,14.8,.498,.046,.435,9.3,18.8,14.3,6.6,2.6,2.3,14.4,19.8,,0.7,2.6,3.3,.131,,-1.7,2.2,0.4,0.8
Michael Ruffin,PF,24,CHI,45,16,879,40,90,.444,0,0,,40,90,.444,.444,39,77,.506,101,161,262,39,30,38,46,131,119,10.1,.480,.000,.856,13.1,22.6,17.7,6.9,1.8,3.2,27.1,9.0,,0.2,0.9,1.0,.056,,-3.5,0.1,-3.4,-0.3
Bryon Russell,SF,30,UTA,78,46,2473,308,700,.440,95,230,.413,213,470,.453,.508,222,285,.779,94,236,330,160,96,20,113,229,933,14.1,.565,.329,.407,4.8,11.6,8.3,10.4,2.1,0.7,12.0,17.5,,4.5,2.3,6.8,.133,,1.1,0.2,1.3,2.0
Arvydas Sabonis,C,36,POR,61,42,1299,247,516,.479,1,15,.067,246,501,.491,.480,121,156,.776,51,280,331,91,40,62,85,137,616,18.4,.527,.029,.302,4.9,24.9,15.2,12.3,1.7,3.5,12.7,24.0,,1.5,2.3,3.7,.138,,-0.2,1.4,1.2,1.1
Soumaila Samake,C,22,NJN,34,0,226,18,48,.375,0,0,,18,48,.375,.375,10,24,.417,22,31,53,1,2,14,4,23,46,9.0,.393,.000,.500,10.9,16.2,13.5,0.7,0.5,4.6,6.4,12.6,,0.0,0.2,0.1,.028,,-2.9,-0.9,-3.9,-0.1
Pepe Sánchez,PG,23,TOT,29,0,150,9,28,.321,0,1,.000,9,27,.333,.321,2,2,1.000,3,12,15,41,11,1,6,21,20,12.6,.346,.036,.071,2.3,8.9,5.6,41.3,3.9,0.5,17.2,10.5,,0.1,0.2,0.3,.107,,-2.2,2.8,0.6,0.1
Daniel Santiago,C,24,PHO,54,2,581,64,134,.478,0,0,,64,134,.478,.478,42,61,.689,35,67,102,11,17,21,47,101,170,7.9,.528,.000,.455,6.7,13.3,9.9,3.0,1.5,2.6,22.6,16.0,,-0.3,0.9,0.6,.052,,-5.8,1.1,-4.8,-0.4
Detlef Schrempf,SF,38,POR,26,0,397,39,95,.411,3,8,.375,36,87,.414,.426,23,27,.852,17,61,78,44,7,3,28,43,104,9.8,.487,.084,.284,5.3,17.7,11.7,16.8,0.9,0.6,20.8,15.8,,0.1,0.4,0.5,.057,,-2.8,-0.3,-3.1,-0.1
Shawnelle Scott,C,28,SAS,27,1,144,17,41,.415,0,0,,17,41,.415,.415,9,22,.409,23,27,50,4,5,6,11,23,43,12.0,.424,.000,.537,19.0,20.2,19.6,4.6,1.9,2.9,17.8,20.1,,-0.1,0.3,0.2,.071,,-4.5,-0.6,-5.1,-0.1
Brian Shaw,SG,34,LAL,80,28,1833,164,411,.399,42,135,.311,122,276,.442,.450,51,64,.797,48,256,304,258,49,27,97,159,421,10.9,.479,.328,.156,3.0,15.6,9.4,20.4,1.4,1.0,18.1,13.1,,1.2,1.4,2.5,.067,,-1.1,0.2,-0.9,0.5
Brian Skinner,PF,24,LAC,39,23,584,64,161,.398,0,0,,64,161,.398,.398,32,59,.542,55,113,168,18,14,11,32,61,160,10.4,.428,.000,.366,11.1,21.5,16.5,5.0,1.3,1.3,14.6,17.3,,-0.3,0.6,0.3,.028,,-3.3,-1.0,-4.2,-0.3
Reggie Slater,PF,30,MIN,55,16,686,90,175,.514,0,0,,90,175,.514,.514,74,110,.673,78,108,186,26,18,9,43,126,254,14.1,.568,.000,.629,12.9,18.2,15.5,5.7,1.4,0.9,16.1,17.6,,1.2,0.7,1.8,.129,,-2.3,-1.4,-3.7,-0.3
Jabari Smith,C,23,SAC,9,0,66,11,22,.500,0,0,,11,22,.500,.500,4,6,.667,1,7,8,6,4,0,3,7,26,14.7,.528,.000,.273,1.7,11.1,6.5,14.8,3.1,0.0,10.9,18.5,,0.1,0.1,0.2,.126,,-2.3,0.4,-1.9,0.0
Joe Smith,PF,25,DET,69,59,1941,308,765,.403,0,5,.000,308,760,.405,.403,231,287,.805,160,331,491,79,47,50,88,258,847,14.6,.475,.007,.375,8.7,18.6,13.5,7.1,1.2,1.8,9.0,21.9,,1.9,2.5,4.4,.110,,-1.6,-0.2,-1.9,0.1
Michael Smith,PF,28,WAS,79,29,1610,106,218,.486,0,1,.000,106,217,.488,.486,89,154,.578,172,390,562,101,57,37,62,156,301,14.0,.527,.005,.706,12.3,28.9,20.4,9.6,1.8,1.6,17.8,9.6,,2.0,1.6,3.6,.108,,0.0,0.2,0.2,0.9
Mike Smith,SF,24,WAS,17,0,180,19,59,.322,3,18,.167,16,41,.390,.347,10,16,.625,10,12,22,10,5,3,7,8,51,8.1,.386,.305,.271,6.4,7.9,7.2,9.0,1.4,1.2,9.6,18.1,,-0.1,0.0,-0.1,-0.033,,-1.6,-2.5,-4.2,-0.1
Steve Smith,SG,31,POR,81,36,2542,359,788,.456,78,230,.339,281,558,.504,.505,309,347,.890,87,185,272,213,48,24,137,203,1105,15.9,.587,.292,.440,4.2,8.4,6.4,13.6,1.0,0.7,12.7,19.7,,6.6,1.6,8.2,.155,,1.5,-0.9,0.6,1.7
Tony Smith,SG,32,ATL,6,0,78,8,23,.348,0,2,.000,8,21,.381,.348,1,2,.500,2,1,3,10,7,0,9,12,17,3.8,.356,.087,.087,2.8,1.4,2.1,20.5,4.7,0.0,27.4,18.8,,-0.3,0.1,-0.2,-0.110,,-8.5,-0.1,-8.6,-0.1
Eric Snow,PG,27,PHI,50,50,1740,182,435,.418,5,19,.263,177,416,.425,.424,122,154,.792,27,139,166,369,77,7,124,123,491,14.0,.488,.044,.354,1.8,8.8,5.4,33.9,2.3,0.3,19.8,16.3,,1.5,2.3,3.8,.105,,-0.6,0.9,0.3,1.0
Felton Spencer,C,33,NYK,18,0,113,12,20,.600,0,0,,12,20,.600,.600,15,25,.600,16,19,35,2,2,2,11,24,39,13.5,.629,.000,1.250,17.7,19.7,18.7,3.0,1.0,1.4,26.2,18.2,,0.2,0.2,0.4,.152,,-4.4,-0.2,-4.6,-0.1
Latrell Sprewell,SF,30,NYK,77,77,3017,524,1219,.430,41,135,.304,483,1084,.446,.447,275,351,.783,49,298,347,269,106,28,218,159,1364,15.1,.497,.111,.288,2.0,11.6,7.0,17.2,1.9,0.8,13.7,25.8,,0.5,4.6,5.1,.082,,0.0,0.8,0.7,2.1
Jerry Stackhouse,SG,26,DET,80,80,3215,774,1927,.402,166,473,.351,608,1454,.418,.445,666,810,.822,99,216,315,410,97,54,326,160,2380,21.8,.521,.245,.420,3.2,7.3,5.2,25.8,1.5,1.2,12.5,35.2,,6.6,2.6,9.2,.137,,5.8,-0.7,5.1,5.8
John Starks,SG,35,UTA,75,64,2122,273,686,.398,64,182,.352,209,504,.415,.445,89,111,.802,29,125,154,178,73,10,94,217,699,9.3,.476,.265,.162,1.7,7.2,4.5,13.5,1.8,0.4,11.3,18.0,,0.6,1.5,2.1,.048,,-2.2,-0.4,-2.5,-0.3
Vladimir Stepania,C,24,NJN,29,0,280,28,88,.318,1,4,.250,27,84,.321,.324,25,34,.735,35,74,109,16,10,11,19,47,82,12.2,.398,.045,.386,14.0,31.2,22.4,9.4,1.9,2.9,15.6,19.8,,-0.2,0.4,0.2,.035,,-3.8,-0.7,-4.5,-0.2
DeShawn Stevenson,SG,19,UTA,40,2,293,31,91,.341,1,12,.083,30,79,.380,.346,26,38,.684,9,19,28,18,10,2,28,29,89,4.3,.413,.132,.418,3.9,7.9,5.9,9.6,1.8,0.6,20.6,21.3,,-0.6,0.2,-0.4,-0.071,,-6.0,-1.7,-7.7,-0.4
Michael Stewart,C,25,TOR,26,0,123,11,34,.324,0,0,,11,34,.324,.324,11,18,.611,16,13,29,2,4,3,5,19,33,8.7,.394,.000,.529,14.3,12.2,13.3,2.4,1.7,1.7,10.7,17.1,,0.0,0.1,0.1,.036,,-4.6,-1.8,-6.5,-0.1
Bryant Stith,SG,30,BOS,78,74,2504,245,611,.401,91,242,.376,154,369,.417,.475,175,207,.845,65,219,284,168,93,14,90,182,756,11.7,.538,.396,.339,2.9,10.7,6.6,11.2,1.9,0.4,11.4,14.4,,3.1,1.7,4.8,.093,,-0.9,-0.2,-1.1,0.6
John Stockton,PG,38,UTA,82,82,2397,328,651,.504,61,132,.462,267,519,.514,.551,227,278,.817,54,173,227,713,132,21,203,194,944,22.3,.610,.203,.427,2.9,8.8,5.9,48.7,2.9,0.7,20.8,18.8,,8.2,2.6,10.8,.216,,5.5,1.2,6.7,5.3
Peja Stojaković,SF,23,SAC,75,75,2905,559,1189,.470,144,360,.400,415,829,.501,.531,267,312,.856,93,341,434,164,91,13,146,144,1529,18.4,.576,.303,.262,3.5,12.3,8.0,9.6,1.6,0.3,9.9,22.4,,6.8,3.3,10.1,.168,,2.8,-0.3,2.5,3.2
Damon Stoudamire,PG,27,POR,82,82,2655,406,935,.434,82,219,.374,324,716,.453,.478,172,207,.831,69,234,303,468,106,8,191,202,1066,16.3,.519,.234,.221,3.2,10.2,6.8,29.1,2.1,0.2,15.7,21.3,,4.1,2.5,6.7,.121,,1.1,-0.1,1.0,2.0
Erick Strickland,PG,27,TOT,50,0,830,81,267,.303,30,95,.316,51,172,.297,.360,68,79,.861,18,110,128,95,44,2,48,88,260,10.7,.431,.356,.296,2.6,15.2,9.0,18.6,2.9,0.2,13.7,19.9,,-0.4,1.2,0.8,.046,,-3.0,1.7,-1.3,0.1
Mark Strickland,SF,30,TOT,55,2,719,103,239,.431,1,2,.500,102,237,.430,.433,45,70,.643,54,107,161,24,16,22,34,72,252,11.9,.467,.008,.293,8.1,16.7,12.3,5.6,1.2,2.1,11.2,18.9,,0.1,0.5,0.6,.037,,-2.1,-1.2,-3.3,-0.2
Rod Strickland,PG,34,TOT,54,28,1371,182,429,.424,4,17,.235,178,412,.432,.429,130,173,.751,36,104,140,303,53,5,107,76,498,16.1,.493,.040,.403,3.1,9.0,6.0,37.1,2.0,0.3,17.5,20.1,,1.7,0.5,2.2,.076,,1.5,-0.9,0.6,0.9
Derek Strong,PF,32,LAC,28,8,491,45,117,.385,0,1,.000,45,116,.388,.385,28,37,.757,34,74,108,7,14,1,22,30,118,8.8,.443,.009,.316,8.2,16.8,12.6,2.3,1.5,0.1,14.2,14.6,,-0.1,0.4,0.3,.026,,-2.5,-0.1,-2.6,-0.1
Bruno Šundov,C,20,IND,11,4,120,20,41,.488,0,4,.000,20,37,.541,.488,3,5,.600,4,19,23,2,2,4,3,21,43,11.0,.498,.098,.122,3.9,17.4,10.9,3.1,0.9,2.4,6.5,18.0,,0.1,0.1,0.2,.079,,-4.0,-0.3,-4.3,-0.1
Bob Sura,SG,27,GSW,53,42,1684,202,518,.390,47,172,.273,155,346,.448,.435,135,189,.714,54,173,227,242,54,8,160,127,586,11.2,.487,.332,.365,3.1,11.9,7.1,23.1,1.6,0.3,21.0,19.1,,-0.3,0.4,0.1,.003,,-2.0,-1.3,-3.3,-0.6
Stromile Swift,PF,21,VAN,80,6,1312,153,339,.451,0,4,.000,153,335,.457,.451,85,141,.603,109,175,284,28,62,82,64,160,391,13.1,.487,.012,.416,9.6,15.1,12.4,3.5,2.5,4.3,13.8,16.2,,0.2,1.6,1.9,.069,,-2.9,0.9,-2.0,0.0
Wally Szczerbiak,SF,23,MIN,82,82,2856,469,920,.510,26,77,.338,443,843,.526,.524,181,208,.870,133,314,447,260,59,33,138,226,1145,15.8,.566,.084,.226,5.3,12.7,8.9,14.5,1.1,0.8,12.0,18.2,,5.7,1.7,7.4,.125,,1.2,-0.8,0.4,1.7
Žan Tabak,C,30,IND,55,14,777,98,186,.527,0,0,,98,186,.527,.527,20,47,.426,65,148,213,33,10,30,57,125,216,10.5,.523,.000,.253,9.8,20.9,15.5,7.3,0.7,2.8,21.6,15.8,,-0.1,1.0,0.9,.056,,-4.2,0.0,-4.2,-0.4
Dragan Tarlać,C,27,CHI,43,12,598,39,99,.394,0,0,,39,99,.394,.394,25,33,.758,37,85,122,31,7,19,38,95,103,5.6,.454,.000,.333,7.1,17.5,12.1,8.4,0.6,2.4,25.1,11.8,,-0.4,0.2,-0.2,-0.016,,-6.2,-1.1,-7.3,-0.8
Maurice Taylor,SF,24,HOU,69,69,1972,390,797,.489,0,4,.000,390,793,.492,.489,119,162,.735,109,269,378,104,28,38,125,208,899,14.9,.518,.005,.203,6.6,15.4,11.1,9.7,0.8,1.3,12.6,23.2,,1.8,1.4,3.2,.077,,-0.9,-1.0,-1.9,0.0
Jason Terry,SG,23,ATL,82,77,3089,596,1367,.436,124,314,.395,472,1053,.448,.481,303,358,.846,42,227,269,403,104,12,239,204,1619,17.3,.531,.230,.262,1.5,8.2,4.9,24.3,1.8,0.3,13.6,25.5,,4.9,1.6,6.5,.100,,2.3,-1.0,1.3,2.6
Jamel Thomas,SF,27,NJN,5,0,56,6,19,.316,1,3,.333,5,16,.313,.342,0,0,,4,5,9,0,3,0,6,6,13,0.8,.342,.158,.000,8.0,10.6,9.2,0.0,2.8,0.0,24.0,20.2,,-0.2,0.0,-0.2,-0.171,,-7.7,-2.1,-9.8,-0.1
Kenny Thomas,PF,23,HOU,74,21,1820,206,465,.443,25,92,.272,181,373,.485,.470,91,126,.722,122,295,417,77,40,43,116,178,528,11.2,.507,.198,.271,8.0,18.3,13.3,6.7,1.2,1.6,18.2,16.1,,0.5,1.7,2.2,.058,,-2.0,-0.3,-2.3,-0.1
Kurt Thomas,PF,28,NYK,77,29,2125,314,614,.511,1,3,.333,313,611,.512,.512,171,210,.814,172,343,515,63,61,69,99,287,800,16.9,.566,.005,.342,10.1,18.9,14.6,5.4,1.6,2.6,12.3,18.5,,4.1,4.1,8.2,.185,,-0.3,1.4,1.2,1.7
Tim Thomas,PF,23,MIL,76,16,2086,326,758,.430,107,260,.412,219,498,.440,.501,195,253,.771,79,234,313,138,78,45,114,194,954,16.4,.549,.343,.334,4.3,12.6,8.5,10.5,1.9,1.6,11.6,21.3,,3.7,1.7,5.5,.126,,1.8,-0.3,1.5,1.8
Otis Thorpe,PF,38,CHH,49,4,647,59,131,.450,0,0,,59,131,.450,.450,20,24,.833,50,95,145,29,12,7,32,108,138,7.6,.487,.000,.183,8.9,16.7,12.8,7.3,1.0,0.8,18.4,12.4,,0.1,0.8,1.0,.071,,-5.0,0.1,-4.9,-0.5
Robert Traylor,C,23,CLE,70,7,1212,161,324,.497,0,2,.000,161,322,.500,.497,80,141,.567,124,176,300,63,49,76,98,204,402,14.1,.521,.006,.435,11.9,16.8,14.3,8.7,2.1,4.6,20.2,18.0,,0.3,1.5,1.9,.074,,-2.6,1.1,-1.6,0.1
Gary Trent,PF,26,DAL,33,4,319,57,130,.438,0,1,.000,57,129,.442,.438,19,36,.528,39,53,92,10,13,8,22,52,133,13.8,.456,.008,.277,14.0,18.1,16.1,5.2,2.1,1.8,13.1,23.9,,-0.1,0.5,0.4,.057,,-3.2,-1.2,-4.3,-0.2
Jake Tsakalidis,C,21,PHO,57,39,947,101,215,.470,0,0,,101,215,.470,.470,54,91,.593,83,159,242,19,10,55,66,137,256,9.6,.502,.000,.423,9.8,19.4,14.5,3.2,0.5,4.2,20.6,15.1,,-0.3,1.6,1.3,.067,,-4.7,0.8,-4.0,-0.5
Hedo Türkoğlu,SF,21,SAC,74,7,1245,138,335,.412,28,86,.326,110,249,.442,.454,87,112,.777,49,161,210,69,52,24,55,139,391,11.7,.509,.257,.334,4.4,13.6,9.1,8.3,2.1,1.3,12.5,15.6,,1.0,1.8,2.8,.106,,-2.0,1.1,-0.9,0.4
Nick Van Exel,PG,29,DEN,71,70,2688,460,1112,.414,135,358,.377,325,754,.431,.474,204,249,.819,44,197,241,600,61,18,165,109,1259,18.5,.515,.322,.224,1.8,8.1,4.9,38.4,1.2,0.5,11.9,23.0,,6.1,0.3,6.4,.114,,4.0,-2.0,1.9,2.7
Keith Van Horn,SF,25,NJN,49,47,1733,308,708,.435,65,170,.382,243,538,.452,.481,150,186,.806,78,269,347,82,40,20,103,150,831,15.5,.526,.240,.263,5.0,18.3,11.5,9.0,1.2,0.9,11.5,23.4,,1.7,1.2,2.8,.079,,0.8,-1.9,-1.1,0.4
David Vanterpool,PG,27,WAS,22,0,411,46,110,.418,0,6,.000,46,104,.442,.418,30,50,.600,15,22,37,66,23,3,37,44,122,10.9,.462,.055,.455,4.2,6.4,5.3,26.4,2.9,0.5,21.9,18.3,,-0.2,0.2,0.0,.000,,-2.7,-0.9,-3.7,-0.2
Jacque Vaughn,PG,25,UTA,82,0,1620,170,393,.433,30,78,.385,140,315,.444,.471,128,164,.780,18,132,150,323,48,3,129,145,498,12.8,.535,.198,.417,1.4,9.9,5.7,31.0,1.6,0.2,21.7,16.9,,1.8,1.1,3.0,.088,,-0.2,-0.7,-1.0,0.4
Loy Vaught,PF,32,TOT,51,1,549,80,169,.473,0,0,,80,169,.473,.473,8,10,.800,51,122,173,23,21,7,26,74,168,13.3,.484,.000,.059,10.7,24.8,17.8,6.8,2.0,0.9,13.0,16.4,,0.3,0.8,1.0,.091,,-1.5,-0.4,-1.9,0.0
Jake Voskuhl,C,23,CHI,16,2,143,11,25,.440,0,0,,11,25,.440,.440,8,14,.571,12,22,34,5,5,6,12,38,30,5.8,.481,.000,.560,9.6,19.0,14.1,5.7,1.9,3.1,27.8,14.0,,-0.2,0.1,0.0,-0.007,,-8.7,-1.2,-9.9,-0.3
Antoine Walker,PF,24,BOS,81,81,3396,711,1720,.413,221,603,.367,490,1117,.439,.478,249,348,.716,151,568,719,445,138,49,301,251,1892,18.9,.505,.351,.202,5.0,20.4,12.3,26.8,2.1,1.1,13.8,29.1,,2.7,3.8,6.6,.093,,3.5,-0.5,3.0,4.3
Samaki Walker,PF,24,SAS,61,1,963,121,252,.480,1,3,.333,120,249,.482,.482,78,124,.629,67,176,243,29,10,41,68,103,321,12.2,.524,.012,.492,8.3,19.7,14.3,5.0,0.6,2.9,18.2,18.3,,0.2,1.7,1.9,.093,,-2.9,0.3,-2.6,-0.1
Ben Wallace,C,26,DET,80,80,2760,215,439,.490,1,4,.250,214,435,.492,.491,80,238,.336,303,749,1052,123,107,186,117,192,511,14.8,.470,.009,.542,11.5,29.6,20.4,6.8,2.0,4.8,17.7,10.4,,1.0,6.0,7.0,.121,,-0.6,2.5,1.9,2.7
John Wallace,SF,26,DET,40,0,527,100,236,.424,2,15,.133,98,221,.443,.428,35,45,.778,25,58,83,23,13,16,36,72,237,11.2,.463,.064,.191,5.0,12.0,8.4,8.0,1.3,2.1,12.3,24.0,,-0.3,0.6,0.3,.027,,-3.2,-0.4,-3.6,-0.2
Rasheed Wallace,PF,26,POR,77,75,2940,590,1178,.501,52,162,.321,538,1016,.530,.523,245,320,.766,147,455,602,212,90,135,158,206,1477,20.9,.560,.138,.272,6.2,17.9,12.2,12.9,1.6,3.4,10.7,23.4,,6.8,4.2,11.0,.180,,3.3,1.1,4.4,4.8
Charlie Ward,PG,30,NYK,61,33,1492,155,373,.416,67,175,.383,88,198,.444,.505,56,70,.800,32,127,159,273,70,10,112,132,433,14.5,.536,.469,.188,2.7,10.0,6.4,31.1,2.6,0.5,21.7,16.9,,1.5,2.4,3.9,.127,,0.6,1.5,2.1,1.5
Clarence Weatherspoon,PF,30,CLE,82,82,2774,347,692,.501,0,0,,347,692,.501,.501,230,291,.790,223,573,796,103,85,105,112,171,924,17.4,.563,.000,.421,9.3,23.9,16.6,6.2,1.6,2.8,12.0,15.2,,5.2,3.4,8.6,.148,,1.3,0.2,1.4,2.4
Chris Webber,PF,27,SAC,70,70,2836,786,1635,.481,2,28,.071,784,1607,.488,.481,324,461,.703,179,598,777,294,93,118,195,226,1898,24.7,.516,.017,.282,7.0,22.1,14.8,20.6,1.7,2.8,9.6,31.6,,5.8,5.2,11.0,.186,,4.0,1.4,5.5,5.3
Bonzi Wells,SF,24,POR,75,46,1995,387,726,.533,17,50,.340,370,676,.547,.545,159,240,.663,120,247,367,208,94,20,169,203,950,18.8,.571,.069,.331,7.4,14.3,11.0,18.4,2.5,0.7,16.9,23.3,,3.4,2.6,5.9,.143,,1.5,0.7,2.3,2.1
David Wesley,SG,30,CHH,82,82,3106,523,1239,.422,97,258,.376,426,981,.434,.461,271,339,.799,64,160,224,361,128,16,171,220,1414,15.3,.509,.208,.274,2.4,5.9,4.1,21.7,2.2,0.4,11.0,23.1,,4.2,3.4,7.6,.117,,0.4,0.0,0.4,1.9
Doug West,SG,33,VAN,15,6,171,11,38,.289,0,2,.000,11,36,.306,.289,6,7,.857,4,11,15,14,3,4,4,21,28,4.2,.341,.053,.184,2.7,7.3,5.0,12.4,0.9,1.6,8.9,12.0,,-0.1,0.0,-0.1,-0.028,,-5.1,0.2,-4.8,-0.1
Jahidi White,C,24,WAS,68,56,1609,203,408,.498,0,1,.000,203,407,.499,.498,177,312,.567,178,343,521,20,32,111,136,211,583,14.7,.535,.002,.765,12.7,25.4,18.9,2.1,1.0,4.9,20.0,18.9,,0.5,1.6,2.1,.061,,-2.4,-0.9,-3.3,-0.5
Chris Whitney,PG,29,WAS,59,31,1532,182,470,.387,93,248,.375,89,222,.401,.486,101,113,.894,12,94,106,248,55,3,103,150,558,13.2,.537,.528,.240,0.9,7.3,4.0,26.9,1.9,0.1,16.5,18.1,,2.1,0.2,2.3,.072,,0.4,-1.5,-1.1,0.4
Aaron Williams,PF,29,NJN,82,25,2336,297,650,.457,0,2,.000,297,648,.458,.457,244,310,.787,211,379,590,88,59,113,132,319,838,15.1,.533,.003,.477,10.1,19.2,14.5,6.5,1.3,3.6,14.4,17.8,,2.9,2.3,5.2,.107,,-1.3,-0.3,-1.6,0.2
Alvin Williams,SG,26,TOR,82,34,2394,330,767,.430,33,108,.306,297,659,.451,.452,109,145,.752,50,162,212,407,123,26,103,171,802,15.2,.483,.141,.189,2.3,7.8,5.0,27.2,2.7,0.8,11.0,17.4,,3.3,2.1,5.4,.109,,-0.1,0.9,0.8,1.7
Eric Williams,SF,28,BOS,81,11,1745,162,448,.362,46,139,.331,116,309,.375,.413,165,231,.714,64,143,207,112,64,13,76,179,535,10.0,.487,.310,.516,4.1,10.0,6.9,10.6,1.9,0.6,12.1,16.3,,1.0,1.2,2.2,.060,,-2.3,-0.6,-2.9,-0.4
Jason Williams,PG,25,SAC,77,77,2290,281,690,.407,98,311,.315,183,379,.483,.478,60,76,.789,19,166,185,416,94,9,160,114,720,12.8,.498,.451,.110,0.9,7.6,4.4,27.6,2.1,0.3,18.1,17.0,,1.3,2.4,3.8,.079,,-0.4,-0.2,-0.6,0.8
Jerome Williams,PF,27,TOT,59,2,1182,136,294,.463,0,3,.000,136,291,.467,.463,100,135,.741,133,249,382,45,57,20,63,124,372,15.7,.526,.010,.459,12.0,23.4,17.5,6.1,2.5,1.2,15.1,15.4,,1.5,2.0,3.5,.141,,-0.7,0.5,-0.2,0.6
Monty Williams,SF,29,ORL,82,0,1211,162,364,.445,1,13,.077,161,351,.459,.446,85,133,.639,86,157,243,79,29,16,85,136,410,11.0,.485,.036,.365,7.7,14.7,11.1,10.5,1.2,1.0,16.7,18.5,,0.1,1.2,1.3,.051,,-2.8,-0.9,-3.6,-0.5
Scott Williams,C,32,MIL,66,31,1272,171,361,.474,1,4,.250,170,357,.476,.475,60,70,.857,97,267,364,35,48,32,41,178,403,14.2,.514,.011,.194,8.7,23.6,16.2,4.2,2.0,1.8,9.5,15.4,,1.7,1.7,3.4,.128,,-1.7,-0.2,-1.9,0.0
Shammond Williams,PG,25,SEA,69,6,1238,161,368,.438,61,133,.459,100,235,.426,.520,84,96,.875,34,98,132,190,31,4,82,83,467,15.4,.569,.361,.261,3.2,9.0,6.1,24.2,1.3,0.2,16.7,17.9,,2.6,0.3,2.9,.112,,2.0,-1.2,0.8,0.9
Walt Williams,SF,30,HOU,72,31,1583,202,513,.394,98,248,.395,104,265,.392,.489,97,126,.770,31,214,245,97,30,28,73,153,599,12.6,.527,.483,.246,2.3,15.3,9.0,10.0,1.0,1.2,11.4,18.7,,1.8,1.2,3.0,.090,,0.4,-0.4,-0.1,0.8
Corliss Williamson,SF,27,TOT,69,40,1686,325,647,.502,0,2,.000,325,645,.504,.502,151,237,.637,110,211,321,61,50,21,110,185,801,15.1,.533,.003,.366,7.0,14.0,10.4,6.5,1.5,0.9,12.8,22.5,,1.6,1.6,3.2,.092,,-0.9,-0.3,-1.1,0.4
Kevin Willis,C,38,TOT,78,22,1830,304,690,.441,1,6,.167,303,684,.443,.441,113,147,.769,177,355,532,50,57,52,87,216,722,14.6,.478,.009,.213,10.5,21.8,16.0,4.6,1.6,2.0,10.3,20.5,,1.1,2.0,3.1,.081,,-1.8,-1.0,-2.8,-0.4
David Wingate,SG,37,SEA,1,0,9,3,3,1.000,0,0,,3,3,1.000,1.000,0,0,,0,0,0,2,0,0,0,1,6,35.8,1.000,.000,.000,0.0,0.0,0.0,51.5,0.0,0.0,0.0,15.0,,0.1,0.0,0.1,.448,,10.7,4.6,15.3,0.0
Rubén Wolkowyski,PF,27,SEA,34,1,305,25,79,.316,0,2,.000,25,77,.325,.316,25,34,.735,12,34,46,3,6,18,12,38,75,6.4,.399,.025,.430,4.5,12.7,8.7,1.4,1.0,4.3,11.3,15.7,,-0.3,0.2,-0.1,-0.012,,-5.3,-0.6,-5.9,-0.3
Metta World Peace,SF,21,CHI,76,74,2363,327,815,.401,43,148,.291,284,667,.426,.428,210,280,.750,59,235,294,228,152,45,159,254,907,13.6,.483,.182,.344,2.9,12.3,7.4,17.6,3.5,1.4,14.5,21.6,,-0.1,2.0,1.9,.039,,-1.9,0.5,-1.3,0.4
Lorenzen Wright,C,25,ATL,71,46,1988,363,811,.448,0,2,.000,363,809,.449,.448,155,216,.718,180,355,535,87,42,63,125,232,881,15.7,.486,.002,.266,10.0,20.0,15.0,8.0,1.1,2.3,12.1,23.2,,1.1,2.0,3.2,.077,,-1.0,-0.8,-1.8,0.1
Wang Zhizhi,C,23,DAL,5,0,38,8,19,.421,0,2,.000,8,17,.471,.421,8,10,.800,1,6,7,0,0,0,1,8,24,14.9,.513,.105,.526,3.0,17.2,10.3,0.0,0.0,0.0,4.1,29.2,,0.1,0.0,0.1,.122,,-4.6,-4.2,-8.8,-0.1
